.imp,age,race_ethn,year,var,pop
1,0,AI/AN,2001,4,57488
1,0,AI/AN,2002,528,57852
1,0,AI/AN,2003,1300,59984
1,0,AI/AN,2004,1428,61748
1,0,AI/AN,2005,1827,64831
1,0,AI/AN,2006,1842,67569
1,0,AI/AN,2007,1955,73439
1,0,AI/AN,2008,1899,77636
1,0,AI/AN,2009,1788,77503
1,0,AI/AN,2010,1861,77301
1,0,AI/AN,2011,1957,75655
1,0,AI/AN,2012,2076,77374
1,0,AI/AN,2013,2251,76341
1,0,AI/AN,2014,2438,76985
1,0,AI/AN,2015,2705,76606
1,0,AI/AN,2016,2856,76508
1,0,AI/AN,2017,1782,76351
1,0,Asian/PI,2001,4,194002
1,0,Asian/PI,2002,334,194035
1,0,Asian/PI,2003,979,205463
1,0,Asian/PI,2004,1058,211877
1,0,Asian/PI,2005,1103,216526
1,0,Asian/PI,2006,1090,217976
1,0,Asian/PI,2007,1115,228248
1,0,Asian/PI,2008,1054,237317
1,0,Asian/PI,2009,1077,230615
1,0,Asian/PI,2010,1027,225912
1,0,Asian/PI,2011,1046,220381
1,0,Asian/PI,2012,1084,227262
1,0,Asian/PI,2013,1119,239465
1,0,Asian/PI,2014,1285,239770
1,0,Asian/PI,2015,1264,250980
1,0,Asian/PI,2016,1226,246177
1,0,Asian/PI,2017,804,247551
1,0,Black,2001,190,643336
1,0,Black,2002,5962,625877
1,0,Black,2003,14860,619402
1,0,Black,2004,16134,631136
1,0,Black,2005,18028,647278
1,0,Black,2006,19672,663764
1,0,Black,2007,20611,695745
1,0,Black,2008,22288,696946
1,0,Black,2009,21989,683772
1,0,Black,2010,22203,670157
1,0,Black,2011,22675,670857
1,0,Black,2012,23687,669168
1,0,Black,2013,25337,671681
1,0,Black,2014,26649,678361
1,0,Black,2015,27386,682683
1,0,Black,2016,28835,678432
1,0,Black,2017,18561,676082
1,0,Hispanic,2001,105,801488
1,0,Hispanic,2002,2550,820888
1,0,Hispanic,2003,9287,840045
1,0,Hispanic,2004,10458,858324
1,0,Hispanic,2005,12200,873526
1,0,Hispanic,2006,14679,902397
1,0,Hispanic,2007,14765,941626
1,0,Hispanic,2008,14986,938820
1,0,Hispanic,2009,14893,905476
1,0,Hispanic,2010,15381,896006
1,0,Hispanic,2011,15277,913501
1,0,Hispanic,2012,15862,884943
1,0,Hispanic,2013,16355,880677
1,0,Hispanic,2014,17919,885824
1,0,Hispanic,2015,17791,900227
1,0,Hispanic,2016,17540,907133
1,0,Hispanic,2017,10845,899600
1,0,White,2000,1,2278263
1,0,White,2001,196,2316344
1,0,White,2002,8463,2252809
1,0,White,2003,23502,2250977
1,0,White,2004,25868,2251173
1,0,White,2005,29348,2202232
1,0,White,2006,31353,2190032
1,0,White,2007,30732,2208939
1,0,White,2008,32106,2182016
1,0,White,2009,32037,2106221
1,0,White,2010,32404,2082078
1,0,White,2011,32213,2082577
1,0,White,2012,34314,2067739
1,0,White,2013,37593,2063044
1,0,White,2014,40257,2073785
1,0,White,2015,42336,2073798
1,0,White,2016,43249,2047127
1,0,White,2017,27310,2039711
1,1,AI/AN,2001,4,55012
1,1,AI/AN,2002,308,57596
1,1,AI/AN,2003,670,57898
1,1,AI/AN,2004,694,59956
1,1,AI/AN,2005,924,61659
1,1,AI/AN,2006,862,64676
1,1,AI/AN,2007,950,67204
1,1,AI/AN,2008,935,73041
1,1,AI/AN,2009,941,77079
1,1,AI/AN,2010,980,76991
1,1,AI/AN,2011,991,77368
1,1,AI/AN,2012,993,75665
1,1,AI/AN,2013,1032,77434
1,1,AI/AN,2014,1063,76355
1,1,AI/AN,2015,1172,76991
1,1,AI/AN,2016,1202,76634
1,1,AI/AN,2017,670,76541
1,1,Asian/PI,2001,3,179316
1,1,Asian/PI,2002,216,199452
1,1,Asian/PI,2003,518,198411
1,1,Asian/PI,2004,513,208507
1,1,Asian/PI,2005,545,214483
1,1,Asian/PI,2006,569,218615
1,1,Asian/PI,2007,518,218762
1,1,Asian/PI,2008,597,227919
1,1,Asian/PI,2009,620,235500
1,1,Asian/PI,2010,602,229007
1,1,Asian/PI,2011,513,233351
1,1,Asian/PI,2012,533,227844
1,1,Asian/PI,2013,567,235354
1,1,Asian/PI,2014,594,248048
1,1,Asian/PI,2015,542,248684
1,1,Asian/PI,2016,590,260339
1,1,Asian/PI,2017,382,255569
1,1,Black,2000,2,614868
1,1,Black,2001,114,620732
1,1,Black,2002,3242,641683
1,1,Black,2003,7520,624188
1,1,Black,2004,7611,617670
1,1,Black,2005,8484,629728
1,1,Black,2006,9158,644995
1,1,Black,2007,9145,661120
1,1,Black,2008,10356,692675
1,1,Black,2009,10474,693755
1,1,Black,2010,10107,674894
1,1,Black,2011,10106,671498
1,1,Black,2012,10005,672414
1,1,Black,2013,10413,671155
1,1,Black,2014,11142,673882
1,1,Black,2015,10912,680660
1,1,Black,2016,11183,685141
1,1,Black,2017,6964,680943
1,1,Hispanic,2001,65,733260
1,1,Hispanic,2002,1601,803132
1,1,Hispanic,2003,5287,818346
1,1,Hispanic,2004,5636,833685
1,1,Hispanic,2005,6621,849671
1,1,Hispanic,2006,8208,862369
1,1,Hispanic,2007,8249,887759
1,1,Hispanic,2008,8576,923309
1,1,Hispanic,2009,8845,917596
1,1,Hispanic,2010,8942,883140
1,1,Hispanic,2011,8415,900683
1,1,Hispanic,2012,8359,917561
1,1,Hispanic,2013,7953,889390
1,1,Hispanic,2014,8669,885591
1,1,Hispanic,2015,7874,891119
1,1,Hispanic,2016,8051,905863
1,1,Hispanic,2017,4789,912725
1,1,White,2001,131,2267087
1,1,White,2002,5761,2302811
1,1,White,2003,14995,2237296
1,1,White,2004,14959,2233245
1,1,White,2005,16016,2231740
1,1,White,2006,16998,2181469
1,1,White,2007,16089,2167370
1,1,White,2008,17465,2183812
1,1,White,2009,17705,2154867
1,1,White,2010,17375,2093663
1,1,White,2011,16134,2083156
1,1,White,2012,15978,2083780
1,1,White,2013,16569,2069108
1,1,White,2014,17227,2064813
1,1,White,2015,17416,2075735
1,1,White,2016,18001,2076040
1,1,White,2017,10816,2049474
1,2,AI/AN,2001,3,54175
1,2,AI/AN,2002,283,55604
1,2,AI/AN,2003,688,58429
1,2,AI/AN,2004,626,58962
1,2,AI/AN,2005,809,61418
1,2,AI/AN,2006,776,63530
1,2,AI/AN,2007,799,66997
1,2,AI/AN,2008,787,70104
1,2,AI/AN,2009,819,76699
1,2,AI/AN,2010,869,79441
1,2,AI/AN,2011,901,76925
1,2,AI/AN,2012,944,77350
1,2,AI/AN,2013,891,75655
1,2,AI/AN,2014,948,77443
1,2,AI/AN,2015,1010,76335
1,2,AI/AN,2016,1035,77049
1,2,AI/AN,2017,600,76721
1,2,Asian/PI,2001,9,172980
1,2,Asian/PI,2002,178,184106
1,2,Asian/PI,2003,537,203755
1,2,Asian/PI,2004,508,202566
1,2,Asian/PI,2005,499,212975
1,2,Asian/PI,2006,500,219434
1,2,Asian/PI,2007,506,223316
1,2,Asian/PI,2008,560,223537
1,2,Asian/PI,2009,601,232691
1,2,Asian/PI,2010,485,240801
1,2,Asian/PI,2011,538,235411
1,2,Asian/PI,2012,545,239737
1,2,Asian/PI,2013,503,234653
1,2,Asian/PI,2014,529,242736
1,2,Asian/PI,2015,520,255882
1,2,Asian/PI,2016,535,256629
1,2,Asian/PI,2017,376,268296
1,2,Black,2000,2,620562
1,2,Black,2001,100,614138
1,2,Black,2002,3048,620235
1,2,Black,2003,7337,641079
1,2,Black,2004,7155,623792
1,2,Black,2005,7314,617883
1,2,Black,2006,8269,629361
1,2,Black,2007,8242,644630
1,2,Black,2008,8887,660709
1,2,Black,2009,9092,692451
1,2,Black,2010,8969,695418
1,2,Black,2011,9137,676458
1,2,Black,2012,8791,673163
1,2,Black,2013,9227,674683
1,2,Black,2014,9700,673479
1,2,Black,2015,9681,676411
1,2,Black,2016,9545,683261
1,2,Black,2017,6223,687710
1,2,Hispanic,2001,76,687970
1,2,Hispanic,2002,1606,735991
1,2,Hispanic,2003,5309,803024
1,2,Hispanic,2004,5395,816328
1,2,Hispanic,2005,6229,831160
1,2,Hispanic,2006,7536,846507
1,2,Hispanic,2007,7426,858332
1,2,Hispanic,2008,7678,882664
1,2,Hispanic,2009,8039,916762
1,2,Hispanic,2010,8213,914278
1,2,Hispanic,2011,7864,886912
1,2,Hispanic,2012,7797,903989
1,2,Hispanic,2013,7493,921232
1,2,Hispanic,2014,7603,893761
1,2,Hispanic,2015,7305,890238
1,2,Hispanic,2016,7262,896149
1,2,Hispanic,2017,4245,910832
1,2,White,2001,123,2270833
1,2,White,2002,5891,2260178
1,2,White,2003,15441,2296549
1,2,White,2004,14615,2232087
1,2,White,2005,15184,2229882
1,2,White,2006,15940,2229287
1,2,White,2007,14990,2180204
1,2,White,2008,16097,2167132
1,2,White,2009,16384,2184399
1,2,White,2010,16653,2160678
1,2,White,2011,15941,2094785
1,2,White,2012,15492,2084409
1,2,White,2013,15294,2085072
1,2,White,2014,15972,2070877
1,2,White,2015,16218,2066670
1,2,White,2016,16213,2077903
1,2,White,2017,9975,2078216
1,3,AI/AN,2001,2,53726
1,3,AI/AN,2002,283,55053
1,3,AI/AN,2003,623,56839
1,3,AI/AN,2004,619,59991
1,3,AI/AN,2005,806,60819
1,3,AI/AN,2006,695,63933
1,3,AI/AN,2007,738,66441
1,3,AI/AN,2008,689,70622
1,3,AI/AN,2009,649,74356
1,3,AI/AN,2010,744,80027
1,3,AI/AN,2011,829,79376
1,3,AI/AN,2012,847,76895
1,3,AI/AN,2013,820,77324
1,3,AI/AN,2014,824,75718
1,3,AI/AN,2015,989,77462
1,3,AI/AN,2016,879,76421
1,3,AI/AN,2017,515,77112
1,3,Asian/PI,2001,3,174059
1,3,Asian/PI,2002,194,177265
1,3,Asian/PI,2003,517,188289
1,3,Asian/PI,2004,522,208085
1,3,Asian/PI,2005,493,207410
1,3,Asian/PI,2006,502,218536
1,3,Asian/PI,2007,488,225385
1,3,Asian/PI,2008,526,229738
1,3,Asian/PI,2009,518,230216
1,3,Asian/PI,2010,533,238874
1,3,Asian/PI,2011,560,245842
1,3,Asian/PI,2012,501,240601
1,3,Asian/PI,2013,497,245109
1,3,Asian/PI,2014,524,240600
1,3,Asian/PI,2015,501,248956
1,3,Asian/PI,2016,562,262234
1,3,Asian/PI,2017,384,262900
1,3,Black,2001,98,620211
1,3,Black,2002,2989,614346
1,3,Black,2003,7146,620647
1,3,Black,2004,7012,641787
1,3,Black,2005,7268,625066
1,3,Black,2006,7332,619393
1,3,Black,2007,7364,631309
1,3,Black,2008,7998,646515
1,3,Black,2009,7843,662959
1,3,Black,2010,8107,691968
1,3,Black,2011,8255,696976
1,3,Black,2012,8326,678020
1,3,Black,2013,8268,675083
1,3,Black,2014,8690,676789
1,3,Black,2015,8564,675787
1,3,Black,2016,8644,678938
1,3,Black,2017,5515,685777
1,3,Hispanic,2001,81,679661
1,3,Hispanic,2002,1528,691909
1,3,Hispanic,2003,5064,738389
1,3,Hispanic,2004,5184,804104
1,3,Hispanic,2005,5875,817697
1,3,Hispanic,2006,7063,833142
1,3,Hispanic,2007,6800,848434
1,3,Hispanic,2008,6848,860415
1,3,Hispanic,2009,7344,884628
1,3,Hispanic,2010,7622,915755
1,3,Hispanic,2011,7583,917840
1,3,Hispanic,2012,7466,889927
1,3,Hispanic,2013,6838,907517
1,3,Hispanic,2014,7170,925608
1,3,Hispanic,2015,6742,898502
1,3,Hispanic,2016,6601,895225
1,3,Hispanic,2017,3965,901158
1,3,White,2001,136,2275053
1,3,White,2002,5992,2265763
1,3,White,2003,15337,2256563
1,3,White,2004,14868,2294253
1,3,White,2005,14714,2232261
1,3,White,2006,14803,2231018
1,3,White,2007,13821,2232442
1,3,White,2008,14642,2185030
1,3,White,2009,14751,2173516
1,3,White,2010,15643,2185058
1,3,White,2011,14961,2161609
1,3,White,2012,14674,2095878
1,3,White,2013,14266,2085666
1,3,White,2014,14560,2086709
1,3,White,2015,14788,2072669
1,3,White,2016,14755,2068508
1,3,White,2017,9048,2079808
1,4,AI/AN,2001,1,53798
1,4,AI/AN,2002,279,54742
1,4,AI/AN,2003,628,56395
1,4,AI/AN,2004,601,58604
1,4,AI/AN,2005,702,62141
1,4,AI/AN,2006,652,63454
1,4,AI/AN,2007,641,67107
1,4,AI/AN,2008,583,70217
1,4,AI/AN,2009,562,75092
1,4,AI/AN,2010,635,78341
1,4,AI/AN,2011,734,79990
1,4,AI/AN,2012,753,79340
1,4,AI/AN,2013,820,76882
1,4,AI/AN,2014,781,77268
1,4,AI/AN,2015,833,75847
1,4,AI/AN,2016,839,77503
1,4,AI/AN,2017,484,76452
1,4,Asian/PI,2001,5,176152
1,4,Asian/PI,2002,180,178259
1,4,Asian/PI,2003,536,181333
1,4,Asian/PI,2004,480,192471
1,4,Asian/PI,2005,546,212719
1,4,Asian/PI,2006,548,212586
1,4,Asian/PI,2007,545,223862
1,4,Asian/PI,2008,488,231271
1,4,Asian/PI,2009,527,235860
1,4,Asian/PI,2010,469,236970
1,4,Asian/PI,2011,454,242720
1,4,Asian/PI,2012,499,250110
1,4,Asian/PI,2013,491,244886
1,4,Asian/PI,2014,460,250000
1,4,Asian/PI,2015,522,245742
1,4,Asian/PI,2016,573,254118
1,4,Asian/PI,2017,372,267344
1,4,Black,2000,1,631945
1,4,Black,2001,110,621601
1,4,Black,2002,2972,622148
1,4,Black,2003,6966,617246
1,4,Black,2004,6819,624421
1,4,Black,2005,6949,646661
1,4,Black,2006,7347,631595
1,4,Black,2007,6932,626559
1,4,Black,2008,7330,638943
1,4,Black,2009,7112,654371
1,4,Black,2010,7124,672985
1,4,Black,2011,7680,693575
1,4,Black,2012,7779,698528
1,4,Black,2013,8075,679966
1,4,Black,2014,8281,677312
1,4,Black,2015,8223,679176
1,4,Black,2016,8067,678280
1,4,Black,2017,5041,681363
1,4,Hispanic,2001,84,676480
1,4,Hispanic,2002,1504,685117
1,4,Hispanic,2003,5046,697125
1,4,Hispanic,2004,5333,743723
1,4,Hispanic,2005,6054,810680
1,4,Hispanic,2006,6849,826076
1,4,Hispanic,2007,6477,842336
1,4,Hispanic,2008,6511,858911
1,4,Hispanic,2009,6609,871931
1,4,Hispanic,2010,7017,898069
1,4,Hispanic,2011,7004,919165
1,4,Hispanic,2012,7263,920932
1,4,Hispanic,2013,6982,893401
1,4,Hispanic,2014,7070,911765
1,4,Hispanic,2015,6354,930187
1,4,Hispanic,2016,6211,903451
1,4,Hispanic,2017,3740,900247
1,4,White,2000,1,2364263
1,4,White,2001,170,2299315
1,4,White,2002,5981,2272341
1,4,White,2003,15124,2264774
1,4,White,2004,14302,2257390
1,4,White,2005,14430,2296954
1,4,White,2006,14459,2237169
1,4,White,2007,12953,2238396
1,4,White,2008,13696,2241828
1,4,White,2009,13761,2196203
1,4,White,2010,13929,2190961
1,4,White,2011,14205,2186035
1,4,White,2012,14066,2162534
1,4,White,2013,14140,2097163
1,4,White,2014,13729,2087339
1,4,White,2015,13669,2088383
1,4,White,2016,13747,2074514
1,4,White,2017,8564,2070377
1,5,AI/AN,2001,5,54881
1,5,AI/AN,2002,285,54840
1,5,AI/AN,2003,584,56018
1,5,AI/AN,2004,578,57885
1,5,AI/AN,2005,655,60442
1,5,AI/AN,2006,635,64353
1,5,AI/AN,2007,611,66008
1,5,AI/AN,2008,602,70132
1,5,AI/AN,2009,544,73584
1,5,AI/AN,2010,619,77837
1,5,AI/AN,2011,665,78319
1,5,AI/AN,2012,725,79917
1,5,AI/AN,2013,715,79382
1,5,AI/AN,2014,770,76908
1,5,AI/AN,2015,771,77347
1,5,AI/AN,2016,779,75837
1,5,AI/AN,2017,437,77594
1,5,Asian/PI,2001,3,178867
1,5,Asian/PI,2002,212,180004
1,5,Asian/PI,2003,500,181859
1,5,Asian/PI,2004,494,184837
1,5,Asian/PI,2005,551,196268
1,5,Asian/PI,2006,517,216994
1,5,Asian/PI,2007,502,216784
1,5,Asian/PI,2008,500,228401
1,5,Asian/PI,2009,532,235839
1,5,Asian/PI,2010,496,240150
1,5,Asian/PI,2011,510,240324
1,5,Asian/PI,2012,559,246396
1,5,Asian/PI,2013,524,253834
1,5,Asian/PI,2014,542,249135
1,5,Asian/PI,2015,521,254520
1,5,Asian/PI,2016,547,250252
1,5,Asian/PI,2017,328,258586
1,5,Black,2001,104,633449
1,5,Black,2002,3071,623726
1,5,Black,2003,7158,624894
1,5,Black,2004,6985,620588
1,5,Black,2005,7218,628661
1,5,Black,2006,7737,651974
1,5,Black,2007,7086,636932
1,5,Black,2008,7480,632499
1,5,Black,2009,7020,646091
1,5,Black,2010,7020,660745
1,5,Black,2011,7280,674734
1,5,Black,2012,7654,695196
1,5,Black,2013,8065,700367
1,5,Black,2014,8411,682028
1,5,Black,2015,8124,679494
1,5,Black,2016,7869,681482
1,5,Black,2017,4891,680601
1,5,Hispanic,2001,68,681955
1,5,Hispanic,2002,1518,681145
1,5,Hispanic,2003,5027,689011
1,5,Hispanic,2004,5299,700651
1,5,Hispanic,2005,6014,747735
1,5,Hispanic,2006,6843,815370
1,5,Hispanic,2007,6338,830719
1,5,Hispanic,2008,6372,847296
1,5,Hispanic,2009,6256,863934
1,5,Hispanic,2010,6491,879055
1,5,Hispanic,2011,6400,901766
1,5,Hispanic,2012,6906,922544
1,5,Hispanic,2013,6956,924384
1,5,Hispanic,2014,7163,897598
1,5,Hispanic,2015,6525,916277
1,5,Hispanic,2016,6077,935027
1,5,Hispanic,2017,3769,908321
1,5,White,2001,151,2360881
1,5,White,2002,5781,2297472
1,5,White,2003,14887,2271786
1,5,White,2004,14200,2265646
1,5,White,2005,14271,2260157
1,5,White,2006,14097,2301891
1,5,White,2007,12381,2243046
1,5,White,2008,13129,2245969
1,5,White,2009,12872,2250817
1,5,White,2010,12796,2206693
1,5,White,2011,12699,2191913
1,5,White,2012,13248,2186995
1,5,White,2013,13528,2163827
1,5,White,2014,13551,2098704
1,5,White,2015,13305,2089020
1,5,White,2016,12810,2090189
1,5,White,2017,7848,2076216
1,6,AI/AN,2001,2,55424
1,6,AI/AN,2002,240,55795
1,6,AI/AN,2003,549,55838
1,6,AI/AN,2004,548,57098
1,6,AI/AN,2005,673,59155
1,6,AI/AN,2006,569,61872
1,6,AI/AN,2007,585,65988
1,6,AI/AN,2008,537,67829
1,6,AI/AN,2009,521,72227
1,6,AI/AN,2010,548,75881
1,6,AI/AN,2011,581,77860
1,6,AI/AN,2012,638,78298
1,6,AI/AN,2013,686,79871
1,6,AI/AN,2014,748,79326
1,6,AI/AN,2015,727,76940
1,6,AI/AN,2016,717,77273
1,6,AI/AN,2017,412,75836
1,6,Asian/PI,2001,3,175954
1,6,Asian/PI,2002,237,182598
1,6,Asian/PI,2003,524,183414
1,6,Asian/PI,2004,523,185084
1,6,Asian/PI,2005,486,188290
1,6,Asian/PI,2006,528,199905
1,6,Asian/PI,2007,499,220552
1,6,Asian/PI,2008,521,220468
1,6,Asian/PI,2009,537,232144
1,6,Asian/PI,2010,465,239732
1,6,Asian/PI,2011,485,243551
1,6,Asian/PI,2012,484,244012
1,6,Asian/PI,2013,495,250120
1,6,Asian/PI,2014,547,257880
1,6,Asian/PI,2015,548,253332
1,6,Asian/PI,2016,509,258707
1,6,Asian/PI,2017,282,254283
1,6,Black,2000,1,676315
1,6,Black,2001,104,658857
1,6,Black,2002,3051,635534
1,6,Black,2003,6906,626158
1,6,Black,2004,6894,627722
1,6,Black,2005,7088,624288
1,6,Black,2006,7692,632713
1,6,Black,2007,7558,656426
1,6,Black,2008,7470,641349
1,6,Black,2009,6814,638058
1,6,Black,2010,6441,653806
1,6,Black,2011,6828,662606
1,6,Black,2012,6977,676409
1,6,Black,2013,7627,696978
1,6,Black,2014,8024,702265
1,6,Black,2015,8175,684105
1,6,Black,2016,7603,681726
1,6,Black,2017,4716,683682
1,6,Hispanic,2001,77,681148
1,6,Hispanic,2002,1540,684609
1,6,Hispanic,2003,4926,682393
1,6,Hispanic,2004,5178,689048
1,6,Hispanic,2005,5714,700570
1,6,Hispanic,2006,6838,747005
1,6,Hispanic,2007,6342,812882
1,6,Hispanic,2008,6275,827370
1,6,Hispanic,2009,5904,842815
1,6,Hispanic,2010,6199,861629
1,6,Hispanic,2011,5941,882959
1,6,Hispanic,2012,6392,905206
1,6,Hispanic,2013,6393,926008
1,6,Hispanic,2014,6923,928558
1,6,Hispanic,2015,6465,902012
1,6,Hispanic,2016,6148,921072
1,6,Hispanic,2017,3597,939811
1,6,White,2000,2,2429644
1,6,White,2001,111,2401125
1,6,White,2002,5756,2354518
1,6,White,2003,14212,2289958
1,6,White,2004,13505,2263137
1,6,White,2005,13830,2256317
1,6,White,2006,13931,2249834
1,6,White,2007,12401,2290554
1,6,White,2008,12515,2231101
1,6,White,2009,11933,2232956
1,6,White,2010,11716,2241841
1,6,White,2011,11644,2207540
1,6,White,2012,12033,2192729
1,6,White,2013,12674,2188167
1,6,White,2014,13110,2165271
1,6,White,2015,12649,2100343
1,6,White,2016,12419,2090666
1,6,White,2017,7231,2091920
1,7,AI/AN,2001,5,57453
1,7,AI/AN,2002,234,56654
1,7,AI/AN,2003,495,57257
1,7,AI/AN,2004,503,57494
1,7,AI/AN,2005,630,59150
1,7,AI/AN,2006,519,61455
1,7,AI/AN,2007,533,64619
1,7,AI/AN,2008,476,69265
1,7,AI/AN,2009,473,71407
1,7,AI/AN,2010,480,74771
1,7,AI/AN,2011,488,75933
1,7,AI/AN,2012,586,77851
1,7,AI/AN,2013,604,78294
1,7,AI/AN,2014,643,79897
1,7,AI/AN,2015,694,79389
1,7,AI/AN,2016,710,76899
1,7,AI/AN,2017,355,77315
1,7,Asian/PI,2001,1,174968
1,7,Asian/PI,2002,222,179765
1,7,Asian/PI,2003,579,186251
1,7,Asian/PI,2004,483,186955
1,7,Asian/PI,2005,462,188879
1,7,Asian/PI,2006,437,192283
1,7,Asian/PI,2007,485,204244
1,7,Asian/PI,2008,545,225053
1,7,Asian/PI,2009,426,225205
1,7,Asian/PI,2010,433,237322
1,7,Asian/PI,2011,390,243417
1,7,Asian/PI,2012,449,247420
1,7,Asian/PI,2013,441,247781
1,7,Asian/PI,2014,529,254123
1,7,Asian/PI,2015,510,262185
1,7,Asian/PI,2016,525,257511
1,7,Asian/PI,2017,317,262967
1,7,Black,2000,1,698594
1,7,Black,2001,113,678854
1,7,Black,2002,3027,662429
1,7,Black,2003,6607,639861
1,7,Black,2004,6469,631309
1,7,Black,2005,6448,633901
1,7,Black,2006,7036,631599
1,7,Black,2007,6923,641441
1,7,Black,2008,7216,666434
1,7,Black,2009,6297,652015
1,7,Black,2010,5939,647258
1,7,Black,2011,6074,655556
1,7,Black,2012,6160,664173
1,7,Black,2013,6647,678174
1,7,Black,2014,7311,698919
1,7,Black,2015,7236,704247
1,7,Black,2016,7298,686236
1,7,Black,2017,4328,683775
1,7,Hispanic,2001,63,674670
1,7,Hispanic,2002,1549,684767
1,7,Hispanic,2003,4836,687718
1,7,Hispanic,2004,4858,685283
1,7,Hispanic,2005,5453,692618
1,7,Hispanic,2006,6314,704874
1,7,Hispanic,2007,5928,751196
1,7,Hispanic,2008,5775,817248
1,7,Hispanic,2009,5438,831735
1,7,Hispanic,2010,5593,846471
1,7,Hispanic,2011,5483,865467
1,7,Hispanic,2012,5527,886516
1,7,Hispanic,2013,5920,908913
1,7,Hispanic,2014,6444,930398
1,7,Hispanic,2015,6063,933277
1,7,Hispanic,2016,5844,907152
1,7,Hispanic,2017,3518,926184
1,7,White,2000,1,2493893
1,7,White,2001,132,2426104
1,7,White,2002,5592,2398745
1,7,White,2003,13594,2353095
1,7,White,2004,12735,2289605
1,7,White,2005,13041,2263749
1,7,White,2006,12957,2258547
1,7,White,2007,11793,2253243
1,7,White,2008,12044,2295291
1,7,White,2009,11557,2236662
1,7,White,2010,11004,2237145
1,7,White,2011,10846,2242497
1,7,White,2012,10932,2208241
1,7,White,2013,11357,2193701
1,7,White,2014,12291,2189414
1,7,White,2015,12146,2166731
1,7,White,2016,11906,2101902
1,7,White,2017,7031,2092138
1,8,AI/AN,2001,2,59562
1,8,AI/AN,2002,239,58844
1,8,AI/AN,2003,449,58208
1,8,AI/AN,2004,484,59046
1,8,AI/AN,2005,577,59675
1,8,AI/AN,2006,565,61495
1,8,AI/AN,2007,520,64143
1,8,AI/AN,2008,474,67827
1,8,AI/AN,2009,424,72813
1,8,AI/AN,2010,486,74294
1,8,AI/AN,2011,468,74734
1,8,AI/AN,2012,550,75864
1,8,AI/AN,2013,525,77781
1,8,AI/AN,2014,548,78205
1,8,AI/AN,2015,688,79881
1,8,AI/AN,2016,632,79353
1,8,AI/AN,2017,402,76864
1,8,Asian/PI,2002,215,178472
1,8,Asian/PI,2003,518,182726
1,8,Asian/PI,2004,471,188923
1,8,Asian/PI,2005,463,189483
1,8,Asian/PI,2006,433,191374
1,8,Asian/PI,2007,470,194593
1,8,Asian/PI,2008,478,206407
1,8,Asian/PI,2009,483,226847
1,8,Asian/PI,2010,423,226241
1,8,Asian/PI,2011,421,241081
1,8,Asian/PI,2012,419,246984
1,8,Asian/PI,2013,438,251100
1,8,Asian/PI,2014,429,251397
1,8,Asian/PI,2015,455,258063
1,8,Asian/PI,2016,448,265925
1,8,Asian/PI,2017,327,261219
1,8,Black,2001,97,701214
1,8,Black,2002,2933,681847
1,8,Black,2003,6404,665585
1,8,Black,2004,6040,643092
1,8,Black,2005,6085,634999
1,8,Black,2006,6480,637955
1,8,Black,2007,6266,635649
1,8,Black,2008,6539,645591
1,8,Black,2009,5990,670949
1,8,Black,2010,5489,655493
1,8,Black,2011,5450,649002
1,8,Black,2012,5396,657405
1,8,Black,2013,5681,666167
1,8,Black,2014,6343,680249
1,8,Black,2015,6466,701182
1,8,Black,2016,6543,706774
1,8,Black,2017,4021,688650
1,8,Hispanic,2001,57,673462
1,8,Hispanic,2002,1450,678407
1,8,Hispanic,2003,4531,688045
1,8,Hispanic,2004,4626,690696
1,8,Hispanic,2005,4980,688994
1,8,Hispanic,2006,5690,697310
1,8,Hispanic,2007,5281,709345
1,8,Hispanic,2008,5245,755940
1,8,Hispanic,2009,5209,821907
1,8,Hispanic,2010,5081,835201
1,8,Hispanic,2011,4902,850382
1,8,Hispanic,2012,5248,869216
1,8,Hispanic,2013,5253,890596
1,8,Hispanic,2014,5510,913690
1,8,Hispanic,2015,5633,935463
1,8,Hispanic,2016,5483,938792
1,8,Hispanic,2017,3332,912690
1,8,White,2001,166,2490492
1,8,White,2002,5399,2423400
1,8,White,2003,13109,2396511
1,8,White,2004,12179,2351404
1,8,White,2005,12104,2288919
1,8,White,2006,12046,2264131
1,8,White,2007,11257,2259359
1,8,White,2008,11475,2254779
1,8,White,2009,11008,2297430
1,8,White,2010,10241,2234266
1,8,White,2011,9905,2237690
1,8,White,2012,9851,2243200
1,8,White,2013,10258,2209030
1,8,White,2014,10978,2195029
1,8,White,2015,11362,2190819
1,8,White,2016,11321,2168124
1,8,White,2017,6735,2103415
1,9,AI/AN,2001,4,62229
1,9,AI/AN,2002,207,61005
1,9,AI/AN,2003,499,60445
1,9,AI/AN,2004,426,60058
1,9,AI/AN,2005,513,61057
1,9,AI/AN,2006,480,61735
1,9,AI/AN,2007,446,63820
1,9,AI/AN,2008,416,66767
1,9,AI/AN,2009,398,70727
1,9,AI/AN,2010,410,74893
1,9,AI/AN,2011,430,74260
1,9,AI/AN,2012,478,74670
1,9,AI/AN,2013,500,75748
1,9,AI/AN,2014,543,77758
1,9,AI/AN,2015,590,78257
1,9,AI/AN,2016,588,79873
1,9,AI/AN,2017,370,79422
1,9,Asian/PI,2001,1,175455
1,9,Asian/PI,2002,218,179270
1,9,Asian/PI,2003,554,182905
1,9,Asian/PI,2004,512,187448
1,9,Asian/PI,2005,476,194243
1,9,Asian/PI,2006,407,195273
1,9,Asian/PI,2007,417,197422
1,9,Asian/PI,2008,496,201163
1,9,Asian/PI,2009,420,213500
1,9,Asian/PI,2010,376,233097
1,9,Asian/PI,2011,379,229963
1,9,Asian/PI,2012,367,244811
1,9,Asian/PI,2013,396,250786
1,9,Asian/PI,2014,442,254867
1,9,Asian/PI,2015,459,255495
1,9,Asian/PI,2016,470,262054
1,9,Asian/PI,2017,273,269970
1,9,Black,2001,99,709401
1,9,Black,2002,2945,706086
1,9,Black,2003,6128,687526
1,9,Black,2004,5680,671905
1,9,Black,2005,5538,650344
1,9,Black,2006,5818,643023
1,9,Black,2007,5889,646750
1,9,Black,2008,6216,645063
1,9,Black,2009,5526,655891
1,9,Black,2010,5337,676719
1,9,Black,2011,5092,657366
1,9,Black,2012,4900,651019
1,9,Black,2013,5080,659373
1,9,Black,2014,5566,668257
1,9,Black,2015,5629,682449
1,9,Black,2016,5803,703573
1,9,Black,2017,3651,709012
1,9,Hispanic,2001,75,672337
1,9,Hispanic,2002,1407,681983
1,9,Hispanic,2003,4268,688553
1,9,Hispanic,2004,4371,700104
1,9,Hispanic,2005,4680,705682
1,9,Hispanic,2006,5358,707026
1,9,Hispanic,2007,5013,717366
1,9,Hispanic,2008,4830,732164
1,9,Hispanic,2009,4775,782001
1,9,Hispanic,2010,4829,841614
1,9,Hispanic,2011,4699,839117
1,9,Hispanic,2012,4600,854178
1,9,Hispanic,2013,4694,873503
1,9,Hispanic,2014,4850,895450
1,9,Hispanic,2015,4849,918996
1,9,Hispanic,2016,5085,941218
1,9,Hispanic,2017,3019,944497
1,9,White,2001,127,2559808
1,9,White,2002,5394,2490502
1,9,White,2003,12746,2424836
1,9,White,2004,11866,2399219
1,9,White,2005,11728,2355491
1,9,White,2006,11534,2294697
1,9,White,2007,10527,2271530
1,9,White,2008,10864,2268196
1,9,White,2009,10455,2264945
1,9,White,2010,9881,2298994
1,9,White,2011,9537,2234755
1,9,White,2012,9240,2238164
1,9,White,2013,9538,2243886
1,9,White,2014,10094,2210057
1,9,White,2015,10276,2196120
1,9,White,2016,10576,2191887
1,9,White,2017,6419,2169270
1,10,AI/AN,2001,3,63994
1,10,AI/AN,2002,239,65196
1,10,AI/AN,2003,437,64854
1,10,AI/AN,2004,443,65242
1,10,AI/AN,2005,479,65552
1,10,AI/AN,2006,406,67391
1,10,AI/AN,2007,428,68633
1,10,AI/AN,2008,392,71349
1,10,AI/AN,2009,405,74630
1,10,AI/AN,2010,387,76505
1,10,AI/AN,2011,374,74836
1,10,AI/AN,2012,445,74206
1,10,AI/AN,2013,423,74685
1,10,AI/AN,2014,469,75855
1,10,AI/AN,2015,508,77782
1,10,AI/AN,2016,520,78320
1,10,AI/AN,2017,310,79916
1,10,Asian/PI,2001,1,177096
1,10,Asian/PI,2002,186,182055
1,10,Asian/PI,2003,491,186732
1,10,Asian/PI,2004,487,191349
1,10,Asian/PI,2005,417,197391
1,10,Asian/PI,2006,428,205737
1,10,Asian/PI,2007,429,208050
1,10,Asian/PI,2008,423,211586
1,10,Asian/PI,2009,435,216836
1,10,Asian/PI,2010,365,228270
1,10,Asian/PI,2011,387,236542
1,10,Asian/PI,2012,385,233348
1,10,Asian/PI,2013,338,248112
1,10,Asian/PI,2014,354,254297
1,10,Asian/PI,2015,397,258739
1,10,Asian/PI,2016,406,259244
1,10,Asian/PI,2017,254,265791
1,10,Black,2001,92,725721
1,10,Black,2002,2674,723076
1,10,Black,2003,6020,724129
1,10,Black,2004,5622,709490
1,10,Black,2005,5538,697815
1,10,Black,2006,5277,679751
1,10,Black,2007,5290,676079
1,10,Black,2008,5574,684109
1,10,Black,2009,5195,686400
1,10,Black,2010,4925,694768
1,10,Black,2011,4901,678803
1,10,Black,2012,4520,659437
1,10,Black,2013,4484,652981
1,10,Black,2014,4929,661444
1,10,Black,2015,4992,670430
1,10,Black,2016,5084,684814
1,10,Black,2017,3220,705958
1,10,Hispanic,2001,67,667373
1,10,Hispanic,2002,1296,690996
1,10,Hispanic,2003,4121,706281
1,10,Hispanic,2004,4130,718808
1,10,Hispanic,2005,4488,737555
1,10,Hispanic,2006,4907,750396
1,10,Hispanic,2007,4461,757603
1,10,Hispanic,2008,4570,775028
1,10,Hispanic,2009,4479,796949
1,10,Hispanic,2010,4510,840933
1,10,Hispanic,2011,4387,845577
1,10,Hispanic,2012,4296,843191
1,10,Hispanic,2013,4238,858548
1,10,Hispanic,2014,4625,878572
1,10,Hispanic,2015,4382,901202
1,10,Hispanic,2016,4678,925043
1,10,Hispanic,2017,2891,947271
1,10,White,2001,133,2643065
1,10,White,2002,5427,2582493
1,10,White,2003,12596,2523046
1,10,White,2004,11691,2467062
1,10,White,2005,11638,2451604
1,10,White,2006,10860,2417830
1,10,White,2007,9887,2365353
1,10,White,2008,10169,2351608
1,10,White,2009,10142,2358275
1,10,White,2010,9758,2346483
1,10,White,2011,9347,2299700
1,10,White,2012,8868,2235419
1,10,White,2013,8843,2238911
1,10,White,2014,9351,2244865
1,10,White,2015,9373,2211116
1,10,White,2016,9676,2197204
1,10,White,2017,6159,2192983
1,11,AI/AN,2001,2,64531
1,11,AI/AN,2002,237,65229
1,11,AI/AN,2003,413,66340
1,11,AI/AN,2004,428,65855
1,11,AI/AN,2005,498,66099
1,11,AI/AN,2006,427,66320
1,11,AI/AN,2007,395,68120
1,11,AI/AN,2008,342,69235
1,11,AI/AN,2009,349,71820
1,11,AI/AN,2010,357,74558
1,11,AI/AN,2011,374,76522
1,11,AI/AN,2012,410,74869
1,11,AI/AN,2013,400,74178
1,11,AI/AN,2014,427,74786
1,11,AI/AN,2015,409,75927
1,11,AI/AN,2016,493,77815
1,11,AI/AN,2017,293,78325
1,11,Asian/PI,2001,3,179081
1,11,Asian/PI,2002,215,181662
1,11,Asian/PI,2003,458,185845
1,11,Asian/PI,2004,451,190080
1,11,Asian/PI,2005,400,194504
1,11,Asian/PI,2006,369,200236
1,11,Asian/PI,2007,406,208099
1,11,Asian/PI,2008,405,210063
1,11,Asian/PI,2009,381,213172
1,11,Asian/PI,2010,332,218470
1,11,Asian/PI,2011,348,232243
1,11,Asian/PI,2012,375,240508
1,11,Asian/PI,2013,353,237272
1,11,Asian/PI,2014,383,252185
1,11,Asian/PI,2015,390,258578
1,11,Asian/PI,2016,386,262890
1,11,Asian/PI,2017,235,263474
1,11,Black,2001,90,734906
1,11,Black,2002,2645,728488
1,11,Black,2003,5965,723467
1,11,Black,2004,5615,722048
1,11,Black,2005,5363,705418
1,11,Black,2006,5251,692051
1,11,Black,2007,4971,671980
1,11,Black,2008,5301,666207
1,11,Black,2009,4933,672053
1,11,Black,2010,4660,677203
1,11,Black,2011,4703,696861
1,11,Black,2012,4494,680847
1,11,Black,2013,4380,661524
1,11,Black,2014,4681,655097
1,11,Black,2015,4533,663820
1,11,Black,2016,4557,672980
1,11,Black,2017,2920,687361
1,11,Hispanic,2001,64,657095
1,11,Hispanic,2002,1258,679019
1,11,Hispanic,2003,4111,702487
1,11,Hispanic,2004,4038,717801
1,11,Hispanic,2005,4430,731164
1,11,Hispanic,2006,4592,750984
1,11,Hispanic,2007,4296,763733
1,11,Hispanic,2008,4301,771304
1,11,Hispanic,2009,4125,788798
1,11,Hispanic,2010,4262,812583
1,11,Hispanic,2011,4196,844847
1,11,Hispanic,2012,4177,849609
1,11,Hispanic,2013,4083,847413
1,11,Hispanic,2014,4335,863550
1,11,Hispanic,2015,4323,884260
1,11,Hispanic,2016,4225,907215
1,11,Hispanic,2017,2729,931080
1,11,White,2001,152,2709300
1,11,White,2002,5263,2641322
1,11,White,2003,12783,2575908
1,11,White,2004,11662,2511937
1,11,White,2005,11391,2451937
1,11,White,2006,10720,2432379
1,11,White,2007,9370,2394560
1,11,White,2008,9798,2338579
1,11,White,2009,9426,2320762
1,11,White,2010,9058,2332638
1,11,White,2011,9004,2346834
1,11,White,2012,8647,2300106
1,11,White,2013,8372,2235786
1,11,White,2014,8620,2239398
1,11,White,2015,8644,2245437
1,11,White,2016,8620,2211711
1,11,White,2017,5353,2197722
1,12,AI/AN,2001,2,62711
1,12,AI/AN,2002,216,66585
1,12,AI/AN,2003,404,67564
1,12,AI/AN,2004,457,68814
1,12,AI/AN,2005,487,68537
1,12,AI/AN,2006,399,69278
1,12,AI/AN,2007,380,69447
1,12,AI/AN,2008,352,71204
1,12,AI/AN,2009,368,72487
1,12,AI/AN,2010,333,74332
1,12,AI/AN,2011,379,74533
1,12,AI/AN,2012,350,76532
1,12,AI/AN,2013,360,74852
1,12,AI/AN,2014,386,74214
1,12,AI/AN,2015,436,74717
1,12,AI/AN,2016,432,75871
1,12,AI/AN,2017,273,77844
1,12,Asian/PI,2002,196,184685
1,12,Asian/PI,2003,531,187280
1,12,Asian/PI,2004,433,191671
1,12,Asian/PI,2005,428,196375
1,12,Asian/PI,2006,399,201129
1,12,Asian/PI,2007,429,207205
1,12,Asian/PI,2008,420,215609
1,12,Asian/PI,2009,430,217824
1,12,Asian/PI,2010,340,220363
1,12,Asian/PI,2011,366,222163
1,12,Asian/PI,2012,360,235849
1,12,Asian/PI,2013,348,244309
1,12,Asian/PI,2014,354,240860
1,12,Asian/PI,2015,405,256086
1,12,Asian/PI,2016,367,262516
1,12,Asian/PI,2017,244,266683
1,12,Black,2001,85,694130
1,12,Black,2002,2641,741623
1,12,Black,2003,5932,735351
1,12,Black,2004,5793,730532
1,12,Black,2005,5579,729735
1,12,Black,2006,5568,713577
1,12,Black,2007,5254,700110
1,12,Black,2008,5151,680164
1,12,Black,2009,4912,674610
1,12,Black,2010,4931,679276
1,12,Black,2011,4689,679364
1,12,Black,2012,4444,699061
1,12,Black,2013,4493,683100
1,12,Black,2014,4764,663829
1,12,Black,2015,4641,657641
1,12,Black,2016,4434,666412
1,12,Black,2017,2769,675508
1,12,Hispanic,2001,67,608967
1,12,Hispanic,2002,1292,669420
1,12,Hispanic,2003,4134,691242
1,12,Hispanic,2004,4044,714861
1,12,Hispanic,2005,4385,731199
1,12,Hispanic,2006,4774,745713
1,12,Hispanic,2007,4401,765757
1,12,Hispanic,2008,4224,779189
1,12,Hispanic,2009,4335,786967
1,12,Hispanic,2010,4295,801358
1,12,Hispanic,2011,4351,816701
1,12,Hispanic,2012,4211,848959
1,12,Hispanic,2013,4113,853919
1,12,Hispanic,2014,4455,852489
1,12,Hispanic,2015,4122,869312
1,12,Hispanic,2016,4082,890260
1,12,Hispanic,2017,2595,913277
1,12,White,2000,2,2610101
1,12,White,2001,161,2640479
1,12,White,2002,5364,2718038
1,12,White,2003,12781,2651550
1,12,White,2004,12164,2587672
1,12,White,2005,11383,2525211
1,12,White,2006,10798,2467183
1,12,White,2007,9585,2449483
1,12,White,2008,9717,2413311
1,12,White,2009,9362,2358688
1,12,White,2010,9342,2337910
1,12,White,2011,8843,2333259
1,12,White,2012,8470,2347602
1,12,White,2013,8553,2300579
1,12,White,2014,8783,2236507
1,12,White,2015,8571,2240176
1,12,White,2016,8685,2246294
1,12,White,2017,5347,2212641
1,13,AI/AN,2001,3,62091
1,13,AI/AN,2002,200,64703
1,13,AI/AN,2003,417,68563
1,13,AI/AN,2004,424,69494
1,13,AI/AN,2005,484,70723
1,13,AI/AN,2006,422,70397
1,13,AI/AN,2007,399,71133
1,13,AI/AN,2008,333,71280
1,13,AI/AN,2009,339,72962
1,13,AI/AN,2010,354,73710
1,13,AI/AN,2011,368,74330
1,13,AI/AN,2012,390,74497
1,13,AI/AN,2013,375,76503
1,13,AI/AN,2014,397,74792
1,13,AI/AN,2015,393,74215
1,13,AI/AN,2016,454,74777
1,13,AI/AN,2017,230,75906
1,13,Asian/PI,2001,2,174647
1,13,Asian/PI,2002,221,182910
1,13,Asian/PI,2003,500,189553
1,13,Asian/PI,2004,477,191835
1,13,Asian/PI,2005,445,196168
1,13,Asian/PI,2006,443,200920
1,13,Asian/PI,2007,443,205599
1,13,Asian/PI,2008,430,211716
1,13,Asian/PI,2009,426,219928
1,13,Asian/PI,2010,399,221840
1,13,Asian/PI,2011,406,224191
1,13,Asian/PI,2012,373,226043
1,13,Asian/PI,2013,377,239890
1,13,Asian/PI,2014,367,248198
1,13,Asian/PI,2015,385,245038
1,13,Asian/PI,2016,387,260308
1,13,Asian/PI,2017,239,266627
1,13,Black,2001,82,667664
1,13,Black,2002,2618,698716
1,13,Black,2003,5930,745602
1,13,Black,2004,5862,738626
1,13,Black,2005,5670,733722
1,13,Black,2006,5741,732131
1,13,Black,2007,5557,715358
1,13,Black,2008,5490,701327
1,13,Black,2009,4981,680958
1,13,Black,2010,4774,676707
1,13,Black,2011,4828,681379
1,13,Black,2012,4532,681574
1,13,Black,2013,4493,701367
1,13,Black,2014,4860,685570
1,13,Black,2015,4708,666412
1,13,Black,2016,4285,660316
1,13,Black,2017,2594,669186
1,13,Hispanic,2001,66,594974
1,13,Hispanic,2002,1242,620356
1,13,Hispanic,2003,4015,679842
1,13,Hispanic,2004,4218,700723
1,13,Hispanic,2005,4527,724368
1,13,Hispanic,2006,4922,740803
1,13,Hispanic,2007,4697,754454
1,13,Hispanic,2008,4659,774136
1,13,Hispanic,2009,4389,786628
1,13,Hispanic,2010,4449,794334
1,13,Hispanic,2011,4254,805682
1,13,Hispanic,2012,4252,820752
1,13,Hispanic,2013,4138,853275
1,13,Hispanic,2014,4388,859110
1,13,Hispanic,2015,4109,858275
1,13,Hispanic,2016,4170,875457
1,13,Hispanic,2017,2581,896477
1,13,White,2000,1,2601083
1,13,White,2001,169,2613815
1,13,White,2002,5428,2642340
1,13,White,2003,13242,2717833
1,13,White,2004,12704,2649521
1,13,White,2005,12350,2584093
1,13,White,2006,11611,2520482
1,13,White,2007,10146,2460782
1,13,White,2008,10259,2441557
1,13,White,2009,9766,2403937
1,13,White,2010,9255,2352994
1,13,White,2011,9216,2338549
1,13,White,2012,9080,2333789
1,13,White,2013,8768,2347984
1,13,White,2014,8992,2301352
1,13,White,2015,8791,2237356
1,13,White,2016,8573,2241028
1,13,White,2017,5285,2247119
1,14,AI/AN,2001,6,60768
1,14,AI/AN,2002,176,63832
1,14,AI/AN,2003,365,66366
1,14,AI/AN,2004,386,70135
1,14,AI/AN,2005,501,70996
1,14,AI/AN,2006,458,72192
1,14,AI/AN,2007,374,71760
1,14,AI/AN,2008,329,72502
1,14,AI/AN,2009,326,72511
1,14,AI/AN,2010,346,73569
1,14,AI/AN,2011,353,73788
1,14,AI/AN,2012,372,74349
1,14,AI/AN,2013,358,74489
1,14,AI/AN,2014,382,76560
1,14,AI/AN,2015,398,74852
1,14,AI/AN,2016,388,74289
1,14,AI/AN,2017,244,74829
1,14,Asian/PI,2001,2,170686
1,14,Asian/PI,2002,182,179779
1,14,Asian/PI,2003,446,187689
1,14,Asian/PI,2004,446,194128
1,14,Asian/PI,2005,468,196447
1,14,Asian/PI,2006,433,200997
1,14,Asian/PI,2007,433,205578
1,14,Asian/PI,2008,482,210144
1,14,Asian/PI,2009,441,216213
1,14,Asian/PI,2010,347,223748
1,14,Asian/PI,2011,380,225714
1,14,Asian/PI,2012,344,228124
1,14,Asian/PI,2013,378,230135
1,14,Asian/PI,2014,376,244106
1,14,Asian/PI,2015,345,252827
1,14,Asian/PI,2016,404,249743
1,14,Asian/PI,2017,254,264835
1,14,Black,2001,78,648122
1,14,Black,2002,2539,670709
1,14,Black,2003,5554,700743
1,14,Black,2004,5652,746497
1,14,Black,2005,5779,738815
1,14,Black,2006,5988,732560
1,14,Black,2007,5873,730189
1,14,Black,2008,5821,712420
1,14,Black,2009,5066,697609
1,14,Black,2010,4898,676577
1,14,Black,2011,4798,679067
1,14,Black,2012,4685,683867
1,14,Black,2013,4759,684100
1,14,Black,2014,4917,703924
1,14,Black,2015,4818,688309
1,14,Black,2016,4367,669298
1,14,Black,2017,2648,663348
1,14,Hispanic,2001,54,578520
1,14,Hispanic,2002,1249,607538
1,14,Hispanic,2003,3866,631493
1,14,Hispanic,2004,3948,690015
1,14,Hispanic,2005,4521,710788
1,14,Hispanic,2006,4971,734506
1,14,Hispanic,2007,4867,750022
1,14,Hispanic,2008,4739,763159
1,14,Hispanic,2009,4461,781800
1,14,Hispanic,2010,4335,791111
1,14,Hispanic,2011,4152,799126
1,14,Hispanic,2012,4076,810022
1,14,Hispanic,2013,4116,825522
1,14,Hispanic,2014,4377,859048
1,14,Hispanic,2015,4154,865660
1,14,Hispanic,2016,3996,865184
1,14,Hispanic,2017,2460,882407
1,14,White,2001,138,2601274
1,14,White,2002,5167,2610651
1,14,White,2003,12827,2635593
1,14,White,2004,13016,2707484
1,14,White,2005,12827,2636363
1,14,White,2006,12033,2568195
1,14,White,2007,10832,2501955
1,14,White,2008,10985,2439869
1,14,White,2009,10202,2417747
1,14,White,2010,9406,2380485
1,14,White,2011,9009,2353600
1,14,White,2012,8854,2339062
1,14,White,2013,9195,2334314
1,14,White,2014,8963,2348888
1,14,White,2015,9047,2302183
1,14,White,2016,8589,2238213
1,14,White,2017,5279,2241886
1,15,AI/AN,2001,1,61114
1,15,AI/AN,2002,145,62912
1,15,AI/AN,2003,332,66116
1,15,AI/AN,2004,335,68816
1,15,AI/AN,2005,423,72683
1,15,AI/AN,2006,418,73673
1,15,AI/AN,2007,409,74916
1,15,AI/AN,2008,347,74638
1,15,AI/AN,2009,365,75409
1,15,AI/AN,2010,293,75000
1,15,AI/AN,2011,351,73603
1,15,AI/AN,2012,306,73724
1,15,AI/AN,2013,352,74376
1,15,AI/AN,2014,380,74521
1,15,AI/AN,2015,375,76591
1,15,AI/AN,2016,331,74927
1,15,AI/AN,2017,206,74364
1,15,Asian/PI,2001,1,174904
1,15,Asian/PI,2002,189,176728
1,15,Asian/PI,2003,415,185787
1,15,Asian/PI,2004,391,193789
1,15,Asian/PI,2005,402,200707
1,15,Asian/PI,2006,449,203543
1,15,Asian/PI,2007,429,208322
1,15,Asian/PI,2008,446,213248
1,15,Asian/PI,2009,410,218090
1,15,Asian/PI,2010,321,223398
1,15,Asian/PI,2011,369,228258
1,15,Asian/PI,2012,352,230235
1,15,Asian/PI,2013,339,232875
1,15,Asian/PI,2014,361,235401
1,15,Asian/PI,2015,347,249727
1,15,Asian/PI,2016,393,258356
1,15,Asian/PI,2017,245,255341
1,15,Black,2001,77,642936
1,15,Black,2002,2105,654911
1,15,Black,2003,4927,678616
1,15,Black,2004,5304,709790
1,15,Black,2005,5351,757405
1,15,Black,2006,5756,751045
1,15,Black,2007,5597,746023
1,15,Black,2008,5801,744749
1,15,Black,2009,5391,727970
1,15,Black,2010,4796,708920
1,15,Black,2011,4640,678988
1,15,Black,2012,4407,681569
1,15,Black,2013,4463,686611
1,15,Black,2014,4879,686936
1,15,Black,2015,4756,707055
1,15,Black,2016,4261,691581
1,15,Black,2017,2499,672648
1,15,Hispanic,2001,63,577484
1,15,Hispanic,2002,1032,597760
1,15,Hispanic,2003,3384,625823
1,15,Hispanic,2004,3561,649634
1,15,Hispanic,2005,4139,709230
1,15,Hispanic,2006,4741,731100
1,15,Hispanic,2007,4592,754739
1,15,Hispanic,2008,4537,770745
1,15,Hispanic,2009,4469,783719
1,15,Hispanic,2010,4256,797896
1,15,Hispanic,2011,4069,796798
1,15,Hispanic,2012,3844,804167
1,15,Hispanic,2013,3848,815451
1,15,Hispanic,2014,4090,832146
1,15,Hispanic,2015,3968,866438
1,15,Hispanic,2016,3937,873448
1,15,Hispanic,2017,2434,872978
1,15,White,2001,139,2627440
1,15,White,2002,4757,2605565
1,15,White,2003,11882,2616312
1,15,White,2004,12194,2642834
1,15,White,2005,12056,2716024
1,15,White,2006,11934,2647154
1,15,White,2007,10535,2580495
1,15,White,2008,10853,2515602
1,15,White,2009,10165,2454719
1,15,White,2010,9341,2425688
1,15,White,2011,8944,2381092
1,15,White,2012,8590,2354187
1,15,White,2013,8589,2339696
1,15,White,2014,8737,2335221
1,15,White,2015,8822,2349824
1,15,White,2016,8564,2303299
1,15,White,2017,5113,2239229
1,16,AI/AN,2001,2,60932
1,16,AI/AN,2002,115,63237
1,16,AI/AN,2003,254,65121
1,16,AI/AN,2004,262,68355
1,16,AI/AN,2005,334,71013
1,16,AI/AN,2006,337,75037
1,16,AI/AN,2007,295,76015
1,16,AI/AN,2008,283,77315
1,16,AI/AN,2009,240,77046
1,16,AI/AN,2010,257,76897
1,16,AI/AN,2011,251,75030
1,16,AI/AN,2012,238,73706
1,16,AI/AN,2013,268,73857
1,16,AI/AN,2014,281,74525
1,16,AI/AN,2015,319,74741
1,16,AI/AN,2016,310,76819
1,16,AI/AN,2017,172,75194
1,16,Asian/PI,2001,2,177117
1,16,Asian/PI,2002,153,181361
1,16,Asian/PI,2003,426,183063
1,16,Asian/PI,2004,356,192256
1,16,Asian/PI,2005,353,200814
1,16,Asian/PI,2006,415,208352
1,16,Asian/PI,2007,382,211331
1,16,Asian/PI,2008,404,216457
1,16,Asian/PI,2009,417,221590
1,16,Asian/PI,2010,361,226392
1,16,Asian/PI,2011,324,228819
1,16,Asian/PI,2012,382,233938
1,16,Asian/PI,2013,343,236144
1,16,Asian/PI,2014,347,239136
1,16,Asian/PI,2015,338,242010
1,16,Asian/PI,2016,344,256504
1,16,Asian/PI,2017,251,265094
1,16,Black,2001,41,638842
1,16,Black,2002,1748,649600
1,16,Black,2003,3873,662048
1,16,Black,2004,4223,686379
1,16,Black,2005,4389,718888
1,16,Black,2006,4717,767801
1,16,Black,2007,4655,761747
1,16,Black,2008,5005,757214
1,16,Black,2009,4649,756583
1,16,Black,2010,4424,740361
1,16,Black,2011,4188,711599
1,16,Black,2012,3874,681700
1,16,Black,2013,3846,684553
1,16,Black,2014,4129,689894
1,16,Black,2015,4046,690478
1,16,Black,2016,3901,710779
1,16,Black,2017,2337,695337
1,16,Hispanic,2001,49,585254
1,16,Hispanic,2002,772,602805
1,16,Hispanic,2003,2740,621154
1,16,Hispanic,2004,2827,648557
1,16,Hispanic,2005,3273,672631
1,16,Hispanic,2006,3741,732775
1,16,Hispanic,2007,3901,753748
1,16,Hispanic,2008,3949,777375
1,16,Hispanic,2009,3957,792310
1,16,Hispanic,2010,3709,803603
1,16,Hispanic,2011,3420,805090
1,16,Hispanic,2012,3352,802875
1,16,Hispanic,2013,3241,810628
1,16,Hispanic,2014,3534,822907
1,16,Hispanic,2015,3512,840429
1,16,Hispanic,2016,3493,875135
1,16,Hispanic,2017,2142,882276
1,16,White,2001,102,2646159
1,16,White,2002,3704,2629958
1,16,White,2003,9565,2607755
1,16,White,2004,9586,2618215
1,16,White,2005,9805,2645195
1,16,White,2006,9932,2719032
1,16,White,2007,8959,2649409
1,16,White,2008,9219,2582815
1,16,White,2009,8753,2517809
1,16,White,2010,8068,2465837
1,16,White,2011,7343,2426697
1,16,White,2012,7169,2382096
1,16,White,2013,6929,2355245
1,16,White,2014,7319,2341143
1,16,White,2015,7438,2336715
1,16,White,2016,7349,2351433
1,16,White,2017,4405,2304790
1,17,AI/AN,2002,66,63463
1,17,AI/AN,2003,132,65693
1,17,AI/AN,2004,139,67518
1,17,AI/AN,2005,172,70700
1,17,AI/AN,2006,137,73308
1,17,AI/AN,2007,171,77202
1,17,AI/AN,2008,166,78221
1,17,AI/AN,2009,172,79370
1,17,AI/AN,2010,172,78731
1,17,AI/AN,2011,166,76982
1,17,AI/AN,2012,169,75202
1,17,AI/AN,2013,195,73776
1,17,AI/AN,2014,184,74009
1,17,AI/AN,2015,191,74790
1,17,AI/AN,2016,191,74961
1,17,AI/AN,2017,97,77042
1,17,Asian/PI,2001,1,180865
1,17,Asian/PI,2002,112,184274
1,17,Asian/PI,2003,229,188243
1,17,Asian/PI,2004,225,189743
1,17,Asian/PI,2005,284,199320
1,17,Asian/PI,2006,264,208354
1,17,Asian/PI,2007,262,215902
1,17,Asian/PI,2008,227,219037
1,17,Asian/PI,2009,276,224108
1,17,Asian/PI,2010,237,229094
1,17,Asian/PI,2011,218,233359
1,17,Asian/PI,2012,282,236235
1,17,Asian/PI,2013,248,241593
1,17,Asian/PI,2014,252,244512
1,17,Asian/PI,2015,243,247685
1,17,Asian/PI,2016,253,250937
1,17,Asian/PI,2017,181,265351
1,17,Black,2001,31,623462
1,17,Black,2002,1054,644112
1,17,Black,2003,2372,654394
1,17,Black,2004,2534,666372
1,17,Black,2005,2766,690786
1,17,Black,2006,2829,722774
1,17,Black,2007,2574,771439
1,17,Black,2008,3022,764907
1,17,Black,2009,2829,759937
1,17,Black,2010,2792,759683
1,17,Black,2011,2734,743656
1,17,Black,2012,2444,714890
1,17,Black,2013,2451,685159
1,17,Black,2014,2551,688153
1,17,Black,2015,2536,693734
1,17,Black,2016,2608,694588
1,17,Black,2017,1521,714819
1,17,Hispanic,2001,22,589739
1,17,Hispanic,2002,488,613256
1,17,Hispanic,2003,1768,627556
1,17,Hispanic,2004,1898,643997
1,17,Hispanic,2005,2100,670892
1,17,Hispanic,2006,2329,694600
1,17,Hispanic,2007,2288,752691
1,17,Hispanic,2008,2427,772547
1,17,Hispanic,2009,2382,793990
1,17,Hispanic,2010,2409,805983
1,17,Hispanic,2011,2254,812966
1,17,Hispanic,2012,2181,812879
1,17,Hispanic,2013,2114,810599
1,17,Hispanic,2014,2192,819018
1,17,Hispanic,2015,2214,832269
1,17,Hispanic,2016,2289,850274
1,17,Hispanic,2017,1444,885143
1,17,White,2001,37,2574410
1,17,White,2002,2222,2643485
1,17,White,2003,6082,2624427
1,17,White,2004,6087,2599678
1,17,White,2005,6312,2608495
1,17,White,2006,5923,2632457
1,17,White,2007,5368,2703811
1,17,White,2008,5757,2632348
1,17,White,2009,5635,2563936
1,17,White,2010,5188,2502667
1,17,White,2011,4965,2467621
1,17,White,2012,4749,2428758
1,17,White,2013,4501,2384311
1,17,White,2014,4543,2357827
1,17,White,2015,4826,2343866
1,17,White,2016,4897,2339488
1,17,White,2017,2973,2354220
1,18,AI/AN,2001,1,60463
1,18,AI/AN,2002,1,61864
1,18,AI/AN,2003,3,65067
1,18,AI/AN,2004,5,67067
1,18,AI/AN,2005,6,69079
1,18,AI/AN,2006,8,72227
1,18,AI/AN,2007,6,74595
1,18,AI/AN,2008,11,79279
1,18,AI/AN,2009,5,80467
1,18,AI/AN,2010,9,81092
1,18,AI/AN,2011,1,78891
1,18,AI/AN,2012,5,76998
1,18,AI/AN,2013,3,75262
1,18,AI/AN,2014,2,73880
1,18,AI/AN,2015,1,74158
1,18,AI/AN,2017,2,75169
1,18,Asian/PI,2002,2,191776
1,18,Asian/PI,2003,4,196000
1,18,Asian/PI,2004,9,200932
1,18,Asian/PI,2005,4,203953
1,18,Asian/PI,2006,4,215280
1,18,Asian/PI,2007,2,225707
1,18,Asian/PI,2008,6,234773
1,18,Asian/PI,2009,3,239066
1,18,Asian/PI,2010,2,241337
1,18,Asian/PI,2011,1,238698
1,18,Asian/PI,2012,5,243502
1,18,Asian/PI,2013,4,247071
1,18,Asian/PI,2014,2,253538
1,18,Asian/PI,2015,4,256787
1,18,Asian/PI,2016,1,260616
1,18,Asian/PI,2017,1,263696
1,18,Black,2001,1,628750
1,18,Black,2002,28,631190
1,18,Black,2003,89,652277
1,18,Black,2004,81,663260
1,18,Black,2005,87,676165
1,18,Black,2006,80,701453
1,18,Black,2007,73,734367
1,18,Black,2008,95,784013
1,18,Black,2009,80,778126
1,18,Black,2010,55,773569
1,18,Black,2011,44,762808
1,18,Black,2012,64,746878
1,18,Black,2013,56,718332
1,18,Black,2014,53,688809
1,18,Black,2015,44,692203
1,18,Black,2016,45,697896
1,18,Black,2017,32,698785
1,18,Hispanic,2002,13,622548
1,18,Hispanic,2003,66,643159
1,18,Hispanic,2004,51,656296
1,18,Hispanic,2005,82,673233
1,18,Hispanic,2006,69,700607
1,18,Hispanic,2007,38,723296
1,18,Hispanic,2008,33,780718
1,18,Hispanic,2009,36,798995
1,18,Hispanic,2010,45,819487
1,18,Hispanic,2011,28,817099
1,18,Hispanic,2012,27,822116
1,18,Hispanic,2013,33,821415
1,18,Hispanic,2014,25,819466
1,18,Hispanic,2015,23,828986
1,18,Hispanic,2016,29,842804
1,18,Hispanic,2017,26,860841
1,18,White,2001,1,2601996
1,18,White,2002,88,2576938
1,18,White,2003,173,2645332
1,18,White,2004,165,2626506
1,18,White,2005,159,2602368
1,18,White,2006,185,2611483
1,18,White,2007,115,2636673
1,18,White,2008,124,2709340
1,18,White,2009,136,2637980
1,18,White,2010,88,2574900
1,18,White,2011,107,2503965
1,18,White,2012,96,2469526
1,18,White,2013,84,2430981
1,18,White,2014,94,2387093
1,18,White,2015,78,2361009
1,18,White,2016,76,2347050
1,18,White,2017,40,2342735
1,77,AI/AN,2002,12,6452
1,77,AI/AN,2003,28,6419
1,77,AI/AN,2004,46,6741
1,77,AI/AN,2005,57,6913
1,77,AI/AN,2006,23,7190
1,77,AI/AN,2007,42,7901
1,77,AI/AN,2008,53,7654
1,77,AI/AN,2009,17,8200
1,77,AI/AN,2010,36,8680
1,77,AI/AN,2011,38,8807
1,77,AI/AN,2012,35,9986
1,77,AI/AN,2013,44,10311
1,77,AI/AN,2014,34,10671
1,77,AI/AN,2015,48,11584
1,77,AI/AN,2016,49,11934
1,77,AI/AN,2017,18,13214
1,77,Asian/PI,2002,1,39213
1,77,Asian/PI,2003,10,39922
1,77,Asian/PI,2004,13,41898
1,77,Asian/PI,2005,10,44402
1,77,Asian/PI,2006,8,45845
1,77,Asian/PI,2007,8,50454
1,77,Asian/PI,2008,6,49771
1,77,Asian/PI,2009,9,51210
1,77,Asian/PI,2010,7,55389
1,77,Asian/PI,2011,8,56820
1,77,Asian/PI,2012,8,62007
1,77,Asian/PI,2013,6,65456
1,77,Asian/PI,2014,16,69446
1,77,Asian/PI,2015,17,74325
1,77,Asian/PI,2016,10,77909
1,77,Asian/PI,2017,14,85636
1,77,Black,2001,1,115082
1,77,Black,2002,31,120621
1,77,Black,2003,139,119331
1,77,Black,2004,178,119356
1,77,Black,2005,194,119571
1,77,Black,2006,253,119476
1,77,Black,2007,291,127922
1,77,Black,2008,320,119497
1,77,Black,2009,305,122941
1,77,Black,2010,335,128358
1,77,Black,2011,345,129665
1,77,Black,2012,304,138517
1,77,Black,2013,349,141357
1,77,Black,2014,403,141441
1,77,Black,2015,414,148206
1,77,Black,2016,456,151127
1,77,Black,2017,277,163050
1,77,Hispanic,2002,5,71180
1,77,Hispanic,2003,32,73481
1,77,Hispanic,2004,53,76044
1,77,Hispanic,2005,106,80953
1,77,Hispanic,2006,184,84048
1,77,Hispanic,2007,150,91307
1,77,Hispanic,2008,155,89784
1,77,Hispanic,2009,161,91380
1,77,Hispanic,2010,188,93377
1,77,Hispanic,2011,218,97342
1,77,Hispanic,2012,192,107078
1,77,Hispanic,2013,202,109054
1,77,Hispanic,2014,227,112300
1,77,Hispanic,2015,182,118896
1,77,Hispanic,2016,217,124044
1,77,Hispanic,2017,134,131945
1,77,White,2002,34,1285424
1,77,White,2003,154,1250637
1,77,White,2004,182,1257827
1,77,White,2005,230,1249615
1,77,White,2006,322,1215769
1,77,White,2007,337,1244319
1,77,White,2008,333,1205300
1,77,White,2009,434,1182013
1,77,White,2010,467,1163424
1,77,White,2011,488,1138237
1,77,White,2012,450,1211467
1,77,White,2013,480,1209623
1,77,White,2014,537,1222949
1,77,White,2015,653,1285593
1,77,White,2016,731,1301017
1,77,White,2017,453,1335269
1,93,Black,2003,2,NA
1,93,Black,2004,3,NA
1,93,White,2004,1,NA
1,94,Black,2004,35,NA
1,94,Black,2005,5,NA
1,94,White,2004,81,NA
1,94,White,2005,6,NA
1,94,White,2006,4,NA
1,95,Black,2005,81,NA
1,95,Black,2006,5,NA
1,95,Hispanic,2005,1,NA
1,95,White,2005,114,NA
1,95,White,2006,9,NA
1,96,Black,2006,47,NA
1,96,Hispanic,2006,3,NA
1,96,White,2006,51,NA
1,99,AI/AN,2002,12,NA
1,99,AI/AN,2003,49,NA
1,99,AI/AN,2004,67,NA
1,99,AI/AN,2005,76,NA
1,99,AI/AN,2006,57,NA
1,99,AI/AN,2007,45,NA
1,99,AI/AN,2008,15,NA
1,99,AI/AN,2009,11,NA
1,99,AI/AN,2010,9,NA
1,99,AI/AN,2011,14,NA
1,99,AI/AN,2012,17,NA
1,99,AI/AN,2013,28,NA
1,99,AI/AN,2014,32,NA
1,99,AI/AN,2015,21,NA
1,99,AI/AN,2016,12,NA
1,99,AI/AN,2017,6,NA
1,99,Asian/PI,2002,14,NA
1,99,Asian/PI,2003,40,NA
1,99,Asian/PI,2004,23,NA
1,99,Asian/PI,2005,24,NA
1,99,Asian/PI,2006,30,NA
1,99,Asian/PI,2007,23,NA
1,99,Asian/PI,2008,25,NA
1,99,Asian/PI,2009,16,NA
1,99,Asian/PI,2010,10,NA
1,99,Asian/PI,2011,28,NA
1,99,Asian/PI,2012,23,NA
1,99,Asian/PI,2013,34,NA
1,99,Asian/PI,2014,34,NA
1,99,Asian/PI,2015,41,NA
1,99,Asian/PI,2016,17,NA
1,99,Asian/PI,2017,14,NA
1,99,Black,2001,10,NA
1,99,Black,2002,185,NA
1,99,Black,2003,420,NA
1,99,Black,2004,380,NA
1,99,Black,2005,375,NA
1,99,Black,2006,335,NA
1,99,Black,2007,491,NA
1,99,Black,2008,385,NA
1,99,Black,2009,299,NA
1,99,Black,2010,208,NA
1,99,Black,2011,195,NA
1,99,Black,2012,248,NA
1,99,Black,2013,228,NA
1,99,Black,2014,241,NA
1,99,Black,2015,324,NA
1,99,Black,2016,155,NA
1,99,Black,2017,96,NA
1,99,Hispanic,2001,4,NA
1,99,Hispanic,2002,71,NA
1,99,Hispanic,2003,212,NA
1,99,Hispanic,2004,177,NA
1,99,Hispanic,2005,297,NA
1,99,Hispanic,2006,225,NA
1,99,Hispanic,2007,214,NA
1,99,Hispanic,2008,212,NA
1,99,Hispanic,2009,180,NA
1,99,Hispanic,2010,109,NA
1,99,Hispanic,2011,136,NA
1,99,Hispanic,2012,151,NA
1,99,Hispanic,2013,172,NA
1,99,Hispanic,2014,256,NA
1,99,Hispanic,2015,440,NA
1,99,Hispanic,2016,190,NA
1,99,Hispanic,2017,111,NA
1,99,White,2001,18,NA
1,99,White,2002,694,NA
1,99,White,2003,1539,NA
1,99,White,2004,1313,NA
1,99,White,2005,1169,NA
1,99,White,2006,938,NA
1,99,White,2007,902,NA
1,99,White,2008,821,NA
1,99,White,2009,646,NA
1,99,White,2010,538,NA
1,99,White,2011,571,NA
1,99,White,2012,673,NA
1,99,White,2013,662,NA
1,99,White,2014,647,NA
1,99,White,2015,766,NA
1,99,White,2016,420,NA
1,99,White,2017,239,NA
1,105,Hispanic,2006,1,NA
1,106,White,2007,1,NA
1,107,White,2008,1,NA
1,113,Black,2013,2,NA
1,113,Hispanic,2013,1,NA
1,113,White,2013,4,NA
1,114,Asian/PI,2014,1,NA
1,114,Black,2014,5,NA
1,114,Hispanic,2014,3,NA
1,114,White,2014,3,NA
