GISJOIN,YEAR,REGIONA,DIVISIONA,STATE,STATEA,COUNTYA,COUSUBA,PLACEA,TRACTA,CONCITA,AIANHHA,RES_ONLYA,TRUSTA,AITSCEA,TTRACTA,ANRCA,CBSAA,METDIVA,CSAA,NECTAA,NECTADIVA,CNECTAA,CDA,SLDUA,SLDLA,ZCTA5A,SUBMCDA,SDELMA,SDSECA,SDUNIA,NAME,LGJAAE001,LGJAAE002,LGJAAE003,LGJAAE004,LGJAAE005,LGJAAE006,LGJAAE007,LGJAAE008,LGJAAE009,LGJAAE010,LGJAAE011,LGJAAE012,LGJAAE013,LGJAAE014,LGJAAE015,LGJAAE016,LGJAAE017,LGJAAE018,LGJAAE019,LGJAAE020,LGJAAE021,LGJAAE022,LGJAAE023,LGJAAE024,LGJAAE025,LGJAAE026,LGJAAE027,LGJAAE028,LGJAAE029,LGJAAE030,LGJAAE031,LGJAAE032,LGJAAE033,LGJAAE034,LGJAAE035,LGJAAE036,LGJAAE037,LGJAAE038,LGJAAE039,LGJAAE040,LGJAAE041,LGJAAE042,LGJAAE043,LGJAAE044,LGJAAE045,LGJAAE046,LGJAAE047,LGJAAE048,LGJAAE049,LGJAAE050,LGJAAE051,LGJAAE052,LGJAAE053,LGJAAE054,LGJAAE055,LGJAAE056,LGJAAE057,LGJAAE058,LGJAAE059,LGJAAE060,LGJAAE061,LGJAAE062,LGJAAE063,LGJAAE064,LGJAAE065,LGJAAE066,LGJAAE067,LGJAAE068,LGJAAE069,LGJAAE070,LGJAAE071,LGJAAE072,LGJAAE073,LGJAAE074,LGJAAE075,LGJAAE076,LGJAAE077,LGJAAE078,LGJAAE079,LGJAAE080,LGJAAE081,LGJAAE082,LGJAAE083,LGJAAE084,LGJAAE085,LGJAAE086,LGJAAE087,LGJAAE088,LGJAAE089,LGJAAE090,LGJAAE091,LGJAAE092,LGJAAE093,LGJAAE094,LGJAAE095,LGJAAE096,LGJAAE097,LGJAAE098,LGJAAE099,LGJAAE100,LGJAAE101,LGJAAE102,LGJAAE103,LGJAAE104,LGJAAE105,LGJAAE106,LGJAAE107,LGJAAE108,LGJAAE109,LGJAAE110,LGJAAE111,LGJAAE112,LGJAAE113,LGJAAE114,LGJAAE115,LGJAAE116,LGJAAE117,LGJAAE118,LGJAAE119,LGJAAE120,LGJAAE121,LGJAAE122,LGJAAE123,LGJAAE124,LGJAAE125,LGJAAE126,LGJAAE127,LGJAAE128,LGJAAE129,LGJAAE130,LGJAAE131,LGJAAE132,LGJAAE133,LGJAAE134,LGJAAE135,LGJAAE136,LGJAAE137,LGJAAE138,LGJAAE139,LGJAAE140,LGJAAE141,LGJAAE142,LGJAAE143,LGJAAE144,LGJAAE145,LGJAAE146,LGJAAE147,LGJAAE148,LGJAAE149,LGJAAE150,LGJAAE151,LGJAAE152,LGJAAE153,LGJAAE154,LGJAAE155,LGJAAE156,LGJAAE157,LGJAAE158,LGJAAE159,LGJAAE160,LGJAAE161,LGJAAE162,LGJAAE163,LGJAAE164,LGJAAE165,LGJAAE166,LGJAAE167,LGJAAE168,LGJAAE169,LGJAAE170,LGJAAE171,LGJAAE172,LGJAAE173,LGJAAE174,LGJAAE175,LGJAAE176,LGJAAE177,LGJAAE178,LGJAAE179,LGJAAE180,LGJAAE181,LGJAAE182,LGJAAE183,LGJAAE184,LGJAAE185,LGJAAE186,LGJAAE187,LGJAAE188,LGJAAE189,LGJAAE190,LGJAAE191,LGJAAE192,LGJAAE193,LGJAAE194,LGJAAE195,LGJAAE196,LGJAAE197,LGJAAE198,LGJAAE199,LGJAAE200,LGJAAE201,LGJAAE202,LGJAAE203,LGJAAE204,LGJAAE205,LGJAAE206,LGJAAE207,LGJAAE208,LGJAAE209,LGJACF001,LGJACF002,LGJACF003,LGJACF004,LGJACF005,LGJACF006,LGJACF007,LGJACF008,LGJACF009,LGJACF010,LGJACF011,LGJACF012,LGJACF013,LGJACF014,LGJACF015,LGJACF016,LGJACF017,LGJACF018,LGJACF019,LGJACF020,LGJACF021,LGJACF022,LGJACF023,LGJACF024,LGJACF025,LGJACF026,LGJACF027,LGJACF028,LGJACF029,LGJACF030,LGJACF031,LGJACF032,LGJACF033,LGJACF034,LGJACF035,LGJACF036,LGJACF037,LGJACF038,LGJACF039,LGJACF040,LGJACF041,LGJACF042,LGJACF043,LGJACF044,LGJACF045,LGJACF046,LGJACF047,LGJACF048,LGJACF049,LGJACF050,LGJACF051,LGJACF052,LGJACF053,LGJACF054,LGJACF055,LGJACF056,LGJACF057,LGJACF058,LGJACF059,LGJACF060,LGJACF061,LGJACF062,LGJACF063,LGJACF064,LGJACF065,LGJACF066,LGJACF067,LGJACF068,LGJACF069,LGJACF070,LGJACF071,LGJACF072,LGJACF073,LGJACF074,LGJACF075,LGJACF076,LGJACF077,LGJACF078,LGJACF079,LGJACF080,LGJACF081,LGJACF082,LGJACF083,LGJACF084,LGJACF085,LGJACF086,LGJACF087,LGJACF088,LGJACF089,LGJACF090,LGJACF091,LGJACF092,LGJACF093,LGJACF094,LGJACF095,LGJACF096,LGJACF097,LGJACF098,LGJACF099,LGJACF100,LGJACF101,LGJACF102,LGJACF103,LGJACF104,LGJACF105,LGJACF106,LGJACF107,LGJACF108,LGJACF109,LGJACF110,LGJACF111,LGJACF112,LGJACF113,LGJACF114,LGJACF115,LGJACF116,LGJACF117,LGJACF118,LGJACF119,LGJACF120,LGJACF121,LGJACF122,LGJACF123,LGJACF124,LGJACF125,LGJACF126,LGJACF127,LGJACF128,LGJACF129,LGJACF130,LGJACF131,LGJACF132,LGJACF133,LGJACF134,LGJACF135,LGJACF136,LGJACF137,LGJACF138,LGJACF139,LGJACF140,LGJACF141,LGJACF142,LGJACF143,LGJACF144,LGJACF145,LGJACF146,LGJACF147,LGJACF148,LGJACF149,LGJACF150,LGJACF151,LGJACF152,LGJACF153,LGJACF154,LGJACF155,LGJACF156,LGJACF157,LGJACF158,LGJACF159,LGJACF160,LGJACF161,LGJACF162,LGJACF163,LGJACF164,LGJACF165,LGJACF166,LGJACF167,LGJACF168,LGJACF169,LGJACF170,LGJACF171,LGJACF172,LGJACF173,LGJACF174,LGJACF175,LGJACF176,LGJACF177,LGJACF178,LGJACF179,LGJACF180,LGJACF181,LGJACF182,LGJACF183,LGJACF184,LGJACF185,LGJACF186,LGJACF187,LGJACF188,LGJACF189,LGJACF190,LGJACF191,LGJACF192,LGJACF193,LGJACF194,LGJACF195,LGJACF196,LGJACF197,LGJACF198,LGJACF199,LGJACF200,LGJACF201,LGJACF202,LGJACF203,LGJACF204,LGJACF205,LGJACF206,LGJACF207,LGJACF208,LGJACF209
"G010","2010","3","6","Alabama","01",,,,,,,,,,,,,,,,,,,,,,,,,,"Alabama",28218,14050,184,165,184,183,192,159,174,225,193,205,232,211,227,214,216,245,215,243,256,228,214,182,189,175,185,196,200,191,221,214,206,190,224,191,188,185,184,185,190,223,194,190,140,184,212,224,222,191,235,246,213,217,207,198,223,214,197,190,179,174,166,176,171,153,149,126,107,111,93,83,82,69,57,48,45,47,38,29,29,12,19,15,13,15,9,16,10,11,3,1,5,0,0,3,1,1,0,1,2,0,0,0,0,14168,151,151,178,167,193,198,187,174,205,225,206,220,212,201,205,190,213,239,215,193,246,184,153,200,200,208,190,199,176,226,197,192,180,197,198,179,194,175,208,221,211,233,209,182,219,223,227,229,237,254,247,259,231,240,211,233,189,208,175,146,169,162,158,167,100,117,112,129,68,85,74,68,49,44,62,41,35,38,34,22,30,29,23,22,21,16,17,17,12,10,12,5,2,3,2,2,0,0,0,1,1,0,0,57118,28165,377,340,364,372,386,337,369,416,381,419,482,412,451,445,437,472,431,498,511,456,432,387,360,369,336,360,379,355,404,378,377,341,394,358,348,341,363,371,360,406,425,399,327,395,411,432,425,405,474,474,444,449,435,447,447,416,376,395,353,356,310,347,320,309,278,264,219,225,213,187,183,154,132,119,90,114,94,75,81,40,45,51,37,43,29,37,19,24,12,9,16,4,3,5,2,5,2,3,3,0,1,1,0,28953,325,299,361,344,377,379,368,362,416,454,424,421,456,416,424,408,451,472,444,371,445,352,329,365,407,377,350,369,343,392,373,370,357,361,357,362,376,357,433,422,412,441,393,384,428,463,458,484,466,477,483,485,484,489,434,462,415,397,382,364,340,372,332,325,256,259,238,258,208,201,185,165,120,110,124,118,104,92,99,77,84,84,81,78,64,61,46,50,36,29,29,15,7,8,5,7,5,1,3,4,1,1,1
"G020","2010","4","9","Alaska","02",,,,,,,,,,,,,,,,,,,,,,,,,,"Alaska",104871,52967,979,1087,1032,1026,992,992,914,924,908,979,1036,947,970,996,954,904,961,1087,1086,1094,1051,969,954,891,926,901,849,819,726,668,743,696,621,630,604,616,596,587,578,600,586,562,636,682,742,752,767,723,668,711,702,679,654,614,583,657,557,527,485,487,511,445,338,323,272,311,305,250,233,259,186,192,184,176,155,133,128,129,98,90,86,90,76,69,60,42,37,30,13,19,16,8,6,8,3,0,5,5,1,5,2,1,0,51904,955,949,950,919,916,914,876,905,938,896,925,919,918,908,886,873,970,936,1019,968,1016,958,888,812,827,817,827,780,681,731,710,632,647,566,608,611,565,561,546,610,614,528,584,668,694,750,689,765,711,735,757,665,681,650,608,634,546,593,524,496,481,431,425,363,333,347,299,233,268,255,212,203,206,168,169,206,169,169,135,127,134,103,97,91,80,70,51,51,46,37,29,21,16,11,13,9,3,10,4,2,2,0,0,138312,69714,1540,1644,1572,1533,1523,1464,1408,1390,1345,1389,1497,1371,1324,1372,1340,1286,1349,1466,1467,1413,1355,1264,1242,1173,1198,1150,1098,1072,956,910,954,901,801,793,778,792,750,725,688,788,745,706,777,804,898,926,929,879,796,857,837,803,799,731,707,783,676,634,577,590,584,535,440,393,334,366,349,292,266,291,218,225,211,197,173,151,143,141,105,114,104,97,83,75,65,45,42,33,20,21,17,9,6,9,4,1,6,5,1,5,2,1,0,68598,1517,1445,1434,1420,1355,1377,1339,1321,1357,1310,1318,1299,1306,1295,1215,1224,1335,1279,1391,1274,1312,1247,1188,1075,1111,1116,1111,1070,921,991,927,819,880,751,794,801,705,731,723,791,788,690,714,794,843,908,850,910,873,895,909,828,834,793,743,768,667,696,628,589,554,526,489,429,381,404,346,279,311,295,242,233,221,196,196,229,191,193,155,147,149,118,109,102,92,76,60,53,48,41,34,21,19,15,15,10,6,10,4,2,2,0,0
"G040","2010","4","8","Arizona","04",,,,,,,,,,,,,,,,,,,,,,,,,,"Arizona",296529,145277,2742,2770,2825,2861,2832,2907,2669,2556,2583,2744,2790,2721,2646,2593,2691,2751,2964,3027,3111,3130,3033,2845,2812,2604,2477,2460,2420,2366,2269,2225,2237,2042,2058,2077,1873,1852,1877,1852,1785,1874,1768,1774,1705,1760,1748,1858,1877,1734,1721,1706,1778,1564,1571,1404,1400,1333,1274,1154,1035,1065,1105,986,954,900,705,701,647,658,534,568,532,468,482,440,396,315,318,329,258,255,242,205,161,147,128,126,92,93,79,67,45,35,31,18,21,12,12,8,5,4,12,3,0,151252,2684,2742,2898,2879,2801,2776,2654,2580,2497,2649,2744,2627,2616,2654,2553,2647,2892,2990,3056,2928,3003,2803,2633,2602,2432,2292,2232,2302,2218,2251,2226,2005,2006,1961,1969,1897,1892,1885,1880,1968,1889,1736,1925,1803,1902,2073,2056,1916,1945,1865,1913,1836,1755,1679,1705,1583,1520,1347,1259,1332,1224,1156,1056,1051,837,889,815,816,770,670,686,599,599,585,516,444,441,467,373,384,344,272,290,223,194,212,155,160,124,115,96,62,61,45,41,33,11,20,17,12,20,4,0,353386,173177,3532,3540,3587,3618,3502,3560,3323,3172,3201,3374,3435,3346,3181,3209,3302,3313,3546,3615,3711,3671,3488,3327,3214,2956,2833,2834,2811,2698,2600,2608,2612,2375,2385,2371,2201,2161,2133,2132,2071,2166,2056,2050,1978,2026,1998,2127,2183,2054,2012,1996,2067,1832,1877,1695,1625,1598,1527,1386,1256,1291,1342,1189,1173,1116,839,840,777,814,673,674,643,577,580,530,470,386,385,397,309,298,283,242,195,175,149,143,114,110,94,80,54,39,34,22,22,13,12,9,5,6,13,3,0,180209,3428,3444,3635,3589,3404,3416,3274,3252,3120,3237,3338,3228,3244,3227,3118,3227,3487,3533,3649,3456,3545,3239,3008,3027,2872,2727,2608,2722,2614,2637,2608,2359,2342,2303,2284,2214,2194,2213,2197,2280,2212,2033,2200,2084,2167,2386,2382,2247,2270,2181,2257,2171,2032,1975,1977,1855,1810,1616,1492,1598,1451,1365,1283,1273,993,1065,998,973,907,777,816,731,698,687,603,506,514,532,443,435,395,321,343,255,230,248,182,175,142,138,110,72,77,52,46,35,11,24,17,16,21,5,0
"G050","2010","3","7","Arkansas","05",,,,,,,,,,,,,,,,,,,,,,,,,,"Arkansas",22248,10986,160,149,155,173,174,163,161,173,170,179,188,162,177,169,194,161,176,190,196,217,169,179,174,169,156,149,149,153,167,168,151,157,136,124,141,152,143,143,146,150,168,135,134,146,167,147,186,165,168,159,164,208,158,159,152,143,134,131,113,113,117,113,116,108,74,79,100,77,60,44,50,41,54,35,39,44,24,30,20,21,21,18,16,15,17,5,10,3,6,3,5,4,0,3,0,0,0,0,0,1,0,0,0,11262,155,154,151,151,156,157,176,162,148,171,167,157,184,185,155,194,186,210,160,180,202,173,203,166,183,147,170,172,156,161,153,126,153,133,132,126,147,147,154,155,165,147,168,151,186,195,191,193,207,186,170,201,154,166,185,167,143,120,127,113,134,123,122,91,69,78,72,80,67,49,51,36,49,33,31,31,33,23,31,29,15,16,21,24,18,19,10,7,14,9,7,2,7,2,1,0,1,2,1,1,0,0,0,47588,23405,367,343,343,399,399,348,381,361,363,384,399,395,401,378,402,385,387,436,421,438,358,330,331,312,318,317,280,287,324,339,293,283,283,258,258,304,271,289,305,303,321,312,312,307,325,309,363,332,369,371,346,381,314,312,316,279,297,275,258,271,271,258,262,243,196,176,199,176,139,113,134,114,106,93,98,100,67,65,52,50,47,39,45,47,33,26,19,20,20,17,14,7,2,7,2,3,0,0,0,1,0,0,1,24183,357,361,333,346,384,336,406,355,360,365,356,392,403,391,349,391,405,434,358,373,383,320,374,325,325,310,335,331,310,301,315,280,326,263,299,268,290,314,300,306,316,317,323,299,351,366,375,374,390,355,356,393,337,341,360,346,329,275,275,257,285,268,280,226,171,202,198,222,182,139,142,109,124,102,118,104,94,68,84,77,56,58,56,65,47,48,32,28,31,23,16,18,13,11,9,2,3,3,1,3,0,0,0
"G060","2010","4","9","California","06",,,,,,,,,,,,,,,,,,,,,,,,,,"California",362801,183399,2705,2659,2814,2790,2785,2685,2695,2665,2697,2817,2821,2897,2874,2937,3065,3037,3086,3153,3554,3439,3336,3191,3047,2976,2992,3036,2977,3053,3019,2851,2915,2698,2713,2551,2533,2595,2444,2490,2557,2655,2715,2529,2548,2603,2582,2759,2798,2742,2734,2679,2702,2409,2523,2408,2363,2190,2082,1935,1821,1833,1690,1570,1546,1452,1159,1141,1142,952,870,795,755,666,620,584,486,529,423,418,345,334,361,280,260,191,206,152,132,106,104,84,73,46,44,36,22,21,12,12,4,5,12,0,0,179402,2575,2583,2676,2720,2730,2647,2648,2642,2627,2725,2586,2617,2784,2810,2911,3039,3118,3159,3062,3018,2980,2798,2925,2719,2736,2762,2650,2837,2671,2643,2635,2478,2542,2436,2352,2421,2281,2335,2409,2593,2657,2450,2442,2449,2478,2591,2673,2719,2732,2760,2790,2636,2557,2447,2423,2364,2200,2014,1947,1832,1784,1705,1552,1530,1209,1254,1086,1014,917,866,831,766,741,630,592,593,489,479,461,485,399,377,360,320,317,280,245,201,184,148,120,96,63,69,52,43,29,26,17,11,16,4,0,723225,357474,6104,6063,6110,6067,5928,5821,5796,5692,5762,5916,6132,6150,6095,6158,6461,6606,6607,6537,6956,6674,6483,6009,5749,5590,5594,5554,5486,5635,5516,5370,5388,4992,5047,4702,4572,4704,4391,4485,4683,4991,5058,4757,4655,4720,4715,5028,5071,5000,5066,5026,4986,4542,4758,4465,4402,4217,3986,3690,3510,3498,3316,3053,3056,2906,2245,2151,2066,1890,1682,1546,1437,1223,1177,1080,902,947,815,776,678,654,644,546,477,403,392,304,274,202,205,168,128,88,89,67,40,36,19,19,8,11,24,3,1,365751,5866,5705,5906,5817,5754,5631,5679,5554,5673,5722,5672,5733,5975,6064,6280,6456,6660,6558,6563,6438,6208,5810,5727,5512,5469,5555,5350,5625,5345,5271,5282,5018,5043,4892,4623,4711,4416,4537,4745,5184,5159,4871,4722,4799,4732,5133,5131,5279,5446,5312,5438,5148,4916,4793,4760,4628,4339,4039,3884,3762,3535,3401,3228,3222,2420,2492,2305,2123,1892,1766,1715,1512,1420,1243,1227,1165,1016,1020,913,935,812,767,741,658,612,589,512,415,377,298,273,184,131,132,88,82,45,46,38,30,37,13,1
"G080","2010","4","8","Colorado","08",,,,,,,,,,,,,,,,,,,,,,,,,,"Colorado",56010,28448,378,377,403,421,428,443,375,433,429,449,427,455,389,422,437,465,482,495,583,531,493,449,518,440,508,460,457,477,477,499,454,416,466,435,430,471,390,470,437,460,400,419,419,418,412,417,436,411,440,415,417,388,407,387,335,329,363,318,267,290,276,233,256,229,187,168,124,149,133,119,102,96,72,72,67,57,54,46,37,36,43,36,28,24,12,17,9,14,10,8,2,7,1,3,2,0,1,1,0,0,0,0,0,27562,382,361,425,432,434,438,430,415,388,474,459,423,406,390,408,440,471,502,533,529,467,422,461,430,459,470,416,430,444,423,432,422,397,382,413,424,395,377,409,403,399,365,375,362,414,398,402,412,435,409,397,374,410,397,375,358,313,353,279,262,255,243,242,215,177,142,144,145,114,111,111,93,78,77,73,79,51,51,54,50,54,36,49,35,29,26,30,11,16,17,11,8,10,4,7,3,2,1,2,1,0,0,0,107832,53782,922,906,978,941,984,950,922,965,935,976,926,905,890,947,943,940,973,970,1077,1006,929,838,879,816,937,827,828,854,836,878,848,755,781,755,751,776,703,764,770,781,695,736,755,699,705,741,729,750,749,737,748,734,663,687,630,588,624,561,493,501,474,421,430,408,298,290,263,248,235,202,200,152,122,135,125,116,99,96,73,75,75,60,52,48,29,29,30,25,23,16,8,16,6,6,4,0,1,2,1,0,2,0,0,54050,952,919,954,974,923,888,955,950,932,974,952,932,904,865,885,896,985,993,985,1014,850,821,871,841,846,839,823,826,843,823,859,825,780,728,727,768,736,711,754,733,773,686,654,659,769,743,753,783,829,723,741,672,732,696,665,662,594,605,537,492,481,457,443,413,330,289,268,283,221,204,199,184,145,154,162,136,111,95,103,103,96,73,83,65,55,52,56,26,37,31,17,15,16,9,12,7,4,1,3,5,1,1,0
"G090","2010","1","1","Connecticut","09",,,,,,,,,,,,,,,,,,,,,,,,,,"Connecticut",11256,5647,89,71,101,91,84,94,90,82,85,98,94,96,88,93,86,118,94,87,116,95,87,104,100,96,85,91,77,95,84,81,84,70,63,83,80,72,74,70,75,83,84,76,74,88,86,106,89,84,81,90,96,74,79,80,65,75,62,60,64,52,47,46,57,41,31,37,32,26,20,32,25,23,19,12,12,10,11,8,7,8,7,11,14,4,9,9,1,3,3,2,3,1,0,0,1,0,1,1,0,0,1,1,0,5609,104,90,85,90,80,84,97,99,73,80,108,84,94,103,96,90,98,120,91,81,75,78,70,73,61,84,71,78,64,91,106,83,82,99,70,75,64,64,74,78,71,90,81,81,108,92,102,79,64,77,84,75,72,79,85,61,66,55,52,62,67,48,66,46,29,37,21,28,28,30,19,19,20,14,17,14,23,14,15,16,11,11,10,14,17,12,9,2,5,8,4,3,1,3,0,2,0,0,2,0,1,0,0,31140,15107,270,227,279,254,227,262,253,256,275,272,286,308,280,277,231,315,272,259,303,281,285,249,259,221,207,229,195,210,241,222,207,190,178,194,192,172,177,162,193,222,212,182,204,204,218,244,232,244,199,206,234,209,224,199,181,178,177,151,149,145,118,110,128,120,79,85,86,71,60,78,59,49,64,42,27,33,32,38,24,33,22,23,28,14,21,19,8,11,14,4,5,3,3,2,5,0,2,1,0,0,1,1,0,16033,269,246,249,252,243,256,263,234,243,254,306,289,289,277,281,289,293,315,281,246,245,232,221,186,179,209,232,217,211,221,254,218,232,262,211,208,190,184,217,223,223,235,198,224,261,257,260,241,228,250,240,228,221,224,198,196,178,172,155,138,182,144,164,131,110,91,78,100,74,61,70,70,59,42,58,45,49,45,50,40,31,29,29,28,42,27,24,14,20,16,12,6,9,7,5,4,2,4,2,3,2,0,0
"G100","2010","3","5","Delaware","10",,,,,,,,,,,,,,,,,,,,,,,,,,"Delaware",4181,2104,44,40,29,25,30,47,22,28,32,23,30,21,25,29,27,42,40,30,31,31,35,24,33,24,33,33,34,24,29,22,33,26,29,26,31,39,33,27,20,27,24,32,26,23,25,36,48,30,40,28,40,30,27,33,35,36,25,24,32,19,19,12,21,24,13,12,17,15,13,14,14,10,16,4,14,8,4,7,10,5,10,4,3,0,4,2,1,1,1,0,0,1,0,1,1,0,0,1,0,1,0,0,0,2077,23,34,27,41,32,27,25,32,28,25,35,29,26,22,27,22,45,32,29,30,27,42,29,20,31,38,25,23,41,19,27,21,35,29,25,35,29,45,27,34,20,28,24,35,40,29,34,34,24,29,36,26,29,27,24,30,26,25,16,28,20,21,24,11,21,10,7,13,12,16,10,11,20,11,11,7,7,11,6,13,7,11,7,1,3,8,5,2,1,2,1,5,1,1,0,0,3,0,0,0,0,0,0,9899,4706,80,81,81,66,81,102,75,63,86,63,74,61,83,87,70,102,87,88,76,91,79,72,79,65,60,65,75,72,64,50,72,53,70,67,59,64,63,51,41,54,68,65,55,60,65,75,80,64,88,57,65,61,63,59,65,60,50,47,57,35,41,39,51,48,29,31,40,32,25,28,24,18,30,15,21,16,13,10,12,7,13,12,6,6,4,4,3,2,2,1,1,3,1,2,2,0,0,1,0,1,0,0,1,5193,79,82,80,91,81,81,82,70,74,84,96,72,69,79,81,73,109,91,86,101,77,87,81,58,83,69,69,67,86,66,76,49,75,74,63,74,57,85,60,80,64,73,66,71,78,84,75,71,69,82,87,62,66,69,65,61,67,46,45,62,52,48,54,39,43,26,26,36,40,33,24,23,31,21,20,26,21,19,11,23,11,15,15,4,8,14,12,7,6,6,2,7,1,2,0,2,4,0,0,0,1,0,0
"G110","2010","3","5","District Of Columbia","11",,,,,,,,,,,,,,,,,,,,,,,,,,"District of Columbia",2079,1029,15,8,6,16,15,7,7,14,9,5,12,9,7,2,10,7,11,12,9,23,21,22,14,25,27,17,22,29,19,37,20,22,19,15,14,13,15,11,14,14,12,21,14,14,14,19,15,13,16,21,15,13,12,16,14,19,18,9,8,10,16,7,8,15,3,12,10,8,10,6,5,5,6,0,5,2,2,6,2,1,2,1,1,1,1,3,0,0,1,0,0,1,0,1,0,0,0,0,0,0,1,0,0,1050,12,12,9,13,12,13,3,10,7,10,7,4,10,17,11,14,10,9,17,29,18,16,20,12,19,20,23,27,20,22,21,25,21,10,10,19,19,15,14,15,19,13,11,13,11,17,13,14,13,18,13,11,12,19,15,18,14,14,11,10,7,15,9,14,8,7,7,11,4,7,13,9,3,2,7,9,1,4,5,3,3,1,3,3,1,5,1,2,5,1,3,1,1,0,0,0,0,0,0,0,1,0,0,6521,3007,38,37,28,42,37,31,28,35,22,23,29,23,26,23,26,28,33,31,45,60,60,62,51,62,61,61,55,82,54,72,63,50,54,57,47,44,54,40,44,49,42,43,46,37,33,48,52,49,47,54,48,47,40,41,38,46,43,29,36,37,32,28,20,37,15,30,23,23,24,17,10,17,13,5,8,9,6,9,7,4,7,6,6,2,2,4,2,2,4,2,3,2,0,1,0,1,0,0,1,0,2,0,0,3514,40,41,39,37,36,33,22,36,25,37,30,22,29,36,29,39,43,32,58,87,70,64,70,57,71,72,78,64,73,73,69,62,64,49,40,52,48,51,42,42,48,38,40,46,46,54,50,47,54,50,46,34,49,56,41,48,53,45,42,43,49,51,36,45,21,25,32,29,30,22,31,18,14,17,22,19,12,9,19,9,10,12,10,10,9,7,5,8,11,6,5,7,4,1,3,1,0,0,1,0,2,0,0
"G120","2010","3","5","Florida","12",,,,,,,,,,,,,,,,,,,,,,,,,,"Florida",71458,36944,459,435,466,490,478,518,435,441,523,492,497,517,483,537,499,521,585,596,697,614,625,610,571,590,591,637,577,572,570,573,567,556,535,495,485,534,507,502,557,561,596,540,516,539,562,586,599,566,589,603,595,553,551,501,560,510,523,462,415,434,410,354,359,356,280,304,256,284,219,185,170,174,158,127,127,114,103,84,96,77,69,43,57,39,48,32,31,21,8,16,15,9,7,3,1,2,2,1,1,0,2,2,0,34514,422,486,429,504,463,486,448,495,445,485,523,485,473,488,492,467,566,541,520,484,503,485,489,474,483,472,453,476,458,469,492,482,473,454,441,456,462,486,472,541,503,513,461,506,558,586,555,578,581,609,556,589,566,556,539,546,464,430,403,428,390,375,344,340,283,262,257,216,196,211,173,194,146,138,155,114,109,109,82,87,83,76,64,52,44,54,48,42,26,26,15,15,10,7,4,4,2,6,1,2,2,0,0,162562,81025,1172,1133,1152,1195,1147,1191,1071,1106,1176,1134,1260,1197,1159,1212,1246,1296,1314,1321,1456,1340,1377,1269,1199,1250,1213,1251,1134,1190,1194,1245,1200,1135,1136,1033,1004,1011,1039,1062,1178,1196,1155,1078,1052,1113,1176,1250,1232,1167,1279,1273,1288,1169,1167,1122,1117,1128,1083,1018,917,902,880,775,812,819,621,667,589,595,500,435,389,394,381,320,302,257,235,194,216,190,184,141,153,120,110,78,70,73,46,46,35,31,20,21,8,12,5,4,5,4,5,2,1,81537,1102,1073,1116,1189,1145,1134,1109,1108,1133,1177,1269,1211,1159,1181,1211,1246,1331,1376,1238,1207,1191,1191,1130,1145,1113,1080,1082,1093,1086,1116,1082,1127,1054,1030,1018,1048,1017,1073,1100,1185,1126,1109,1047,1111,1221,1330,1306,1325,1339,1313,1267,1299,1292,1271,1241,1172,1070,1040,960,945,932,866,828,845,666,621,627,546,532,469,420,424,359,371,365,290,279,271,243,234,223,225,207,188,133,164,138,130,106,84,64,53,49,29,31,19,14,11,5,5,8,2,1
"G130","2010","3","5","Georgia","13",,,,,,,,,,,,,,,,,,,,,,,,,,"Georgia",32151,16571,260,247,272,264,297,266,245,275,269,266,281,283,237,241,231,246,243,274,270,302,271,237,273,236,294,258,284,296,275,240,255,259,274,257,250,255,244,245,272,290,269,273,231,223,255,236,251,244,247,208,273,214,227,186,182,201,174,165,171,170,163,174,160,149,97,87,95,97,82,67,54,50,53,47,44,26,21,25,26,18,18,19,13,6,8,6,8,4,5,3,3,0,2,0,2,0,0,4,0,1,0,0,0,15580,230,237,255,291,223,265,252,244,236,240,279,243,208,247,227,218,250,256,211,215,231,225,230,220,216,212,220,247,248,255,277,217,220,228,230,263,213,215,269,232,248,244,254,225,257,233,239,246,239,230,251,230,240,226,221,214,179,179,154,142,155,129,136,127,75,102,84,86,64,69,57,52,47,45,38,56,31,41,23,24,26,26,23,26,19,11,10,9,8,7,4,5,2,7,2,0,3,1,3,0,1,0,0,84024,41281,710,673,707,659,732,688,623,651,699,683,715,764,651,722,638,694,654,736,707,743,656,647,676,586,636,590,631,664,642,594,596,601,583,585,587,562,587,578,632,654,651,601,540,598,595,585,570,572,576,563,603,538,536,514,494,503,447,421,415,387,408,386,402,365,255,261,241,251,237,176,162,153,134,135,111,89,86,85,91,58,62,52,45,24,35,25,28,18,20,10,8,2,4,0,3,2,1,5,2,1,2,1,0,42743,677,636,651,727,637,699,660,593,675,634,699,691,637,655,617,665,692,705,657,675,630,632,597,573,599,581,602,641,653,667,680,593,599,626,607,633,607,583,701,637,639,607,586,601,621,635,663,646,622,622,686,581,608,603,578,563,512,478,488,409,442,426,394,371,291,280,293,267,211,212,178,154,160,152,131,171,125,121,99,96,95,81,72,92,60,63,41,38,30,33,23,18,13,11,11,6,5,2,3,0,1,0,0
"G150","2010","4","9","Hawaii","15",,,,,,,,,,,,,,,,,,,,,,,,,,"Hawaii",4164,2223,18,17,27,20,18,24,20,21,13,26,21,21,18,19,12,30,26,17,22,34,48,65,55,44,82,54,47,46,33,32,39,49,52,32,37,28,42,40,36,50,35,40,26,34,28,23,39,31,29,44,30,24,26,32,33,47,34,29,24,27,32,24,21,13,14,24,6,16,12,12,8,7,5,8,7,3,5,3,7,8,0,2,1,1,1,4,0,1,2,2,0,0,2,1,1,0,0,0,0,0,0,0,0,1941,26,27,18,16,16,20,19,18,16,19,9,26,8,21,30,13,21,19,19,29,25,43,36,28,28,46,31,44,51,33,39,34,33,31,35,33,34,25,33,40,24,30,14,23,32,34,33,31,24,39,34,34,34,33,32,28,32,24,30,33,31,20,28,13,13,16,14,17,11,7,9,8,7,6,4,2,9,4,4,3,4,2,2,5,0,1,2,2,0,2,2,0,0,0,0,2,0,1,0,0,0,0,0,33470,16841,405,393,391,386,378,362,373,370,294,379,326,324,306,320,302,341,309,313,280,271,329,300,304,254,305,266,259,305,260,239,260,235,266,246,219,198,208,219,234,224,207,219,175,173,174,178,202,176,182,204,180,164,163,174,173,219,169,141,152,158,180,124,115,107,85,78,51,73,47,41,52,51,29,30,32,25,22,20,19,12,15,12,10,11,6,13,12,5,7,6,2,2,5,2,1,0,0,1,0,2,0,0,0,16629,430,408,390,359,357,358,333,320,325,322,316,325,304,307,360,317,283,306,301,256,261,281,260,270,227,272,243,280,255,234,269,234,242,249,204,204,207,195,196,247,196,205,141,188,188,174,203,194,195,188,188,188,203,184,201,168,184,168,186,157,137,122,117,108,100,92,72,74,74,59,52,31,41,30,23,21,32,28,14,20,20,27,20,20,14,9,12,14,6,10,8,4,2,3,1,3,2,1,0,0,0,0,0
"G160","2010","4","8","Idaho","16",,,,,,,,,,,,,,,,,,,,,,,,,,"Idaho",21441,10685,160,180,182,180,189,194,207,158,189,178,198,195,187,170,184,223,186,187,200,203,177,198,173,176,161,161,145,156,142,151,166,142,157,131,152,146,151,139,160,145,166,142,123,147,146,154,155,133,147,149,145,146,139,132,106,100,115,119,112,110,96,98,80,84,53,72,51,63,52,55,42,51,37,46,32,24,21,25,21,23,13,12,7,13,8,7,10,2,6,2,4,4,3,1,0,1,1,0,0,0,0,0,0,10756,179,160,185,165,193,186,195,200,171,163,182,183,186,198,161,185,189,189,183,178,190,163,136,166,155,167,162,159,147,140,175,150,154,123,145,162,151,140,125,170,153,135,144,125,153,178,146,157,158,133,150,152,140,143,148,138,106,136,109,113,93,88,81,101,64,60,78,65,63,60,50,57,43,31,19,32,29,23,33,13,22,22,16,10,14,11,8,7,9,7,3,3,2,6,0,1,1,1,0,0,1,1,0,36385,18085,338,382,367,326,345,342,374,306,335,326,369,341,332,306,339,368,320,343,346,358,297,294,259,274,260,267,233,239,249,249,261,224,239,227,230,233,223,211,234,234,267,222,207,215,228,230,246,213,230,234,218,228,222,226,187,184,202,202,188,165,164,166,138,155,90,110,104,133,87,102,86,85,62,68,54,43,42,34,36,36,22,22,14,22,19,14,16,7,9,5,6,8,3,2,1,1,2,2,0,0,1,0,0,18300,351,315,371,352,356,356,339,353,326,319,330,337,320,352,308,338,320,350,320,335,320,268,243,284,252,258,274,255,248,237,276,238,240,206,232,241,240,221,204,253,243,213,219,203,240,260,225,237,235,228,243,246,233,239,216,227,198,226,193,179,163,147,148,161,111,102,120,102,104,95,87,76,66,57,43,57,50,38,50,26,36,41,24,22,28,17,12,15,20,11,7,4,3,7,0,1,3,1,1,0,2,1,0
"G170","2010","2","3","Illinois","17",,,,,,,,,,,,,,,,,,,,,,,,,,"Illinois",43963,22550,357,342,381,393,360,399,370,395,396,404,400,364,357,384,375,404,352,348,384,410,396,345,326,358,339,357,354,356,361,398,351,344,365,376,380,366,352,384,379,401,372,337,319,329,318,333,330,309,316,341,335,258,313,256,251,272,242,210,193,199,188,151,170,151,109,105,95,68,86,89,79,53,56,50,63,41,33,38,38,19,29,20,27,21,16,8,13,5,6,9,4,4,1,2,2,1,0,1,0,1,2,0,0,21413,355,364,371,391,401,395,390,367,350,394,342,391,392,349,380,362,342,358,368,351,301,288,289,281,300,320,344,323,317,332,334,357,325,372,357,290,329,357,337,353,343,282,278,313,258,330,327,283,311,306,297,277,254,269,240,227,206,194,219,189,192,171,148,132,104,140,102,109,79,86,95,61,63,60,58,47,34,42,41,41,30,54,32,35,16,22,11,17,13,8,7,12,6,4,3,6,3,2,0,3,2,0,0,101451,50384,840,811,857,842,856,926,878,872,879,876,913,903,869,902,893,937,884,868,901,927,857,802,723,771,736,780,731,746,742,788,740,706,751,772,734,729,703,772,795,782,784,687,649,657,694,743,698,671,677,766,710,614,690,617,594,611,575,500,473,473,438,378,393,390,266,272,222,211,218,192,164,168,151,138,142,111,79,98,97,62,75,58,66,52,47,39,41,29,23,24,15,9,9,3,5,6,1,3,1,3,6,0,2,51067,826,787,857,860,883,843,842,859,856,893,817,875,879,829,918,873,893,853,906,869,807,741,723,702,720,770,751,736,723,747,762,763,715,728,784,666,721,750,771,764,735,636,657,710,660,747,713,719,702,717,693,738,682,684,626,574,546,533,516,506,475,427,426,354,298,327,283,288,239,231,227,199,190,166,160,150,130,136,118,130,88,133,99,114,69,74,61,63,50,38,31,38,19,19,11,17,7,5,7,6,5,2,1
"G180","2010","2","3","Indiana","18",,,,,,,,,,,,,,,,,,,,,,,,,,"Indiana",18462,9371,114,117,115,132,113,126,125,124,138,128,137,134,146,121,133,130,164,167,159,175,176,136,135,147,121,129,128,121,117,149,150,114,134,116,129,123,144,117,139,156,143,100,135,148,160,144,162,170,167,173,162,161,161,165,152,141,134,127,116,107,108,95,109,84,62,63,66,60,52,38,32,39,22,29,20,28,18,23,12,20,18,9,8,11,6,8,4,7,2,2,3,1,1,1,1,1,0,0,1,0,0,0,0,9091,100,104,121,128,123,109,132,151,135,128,139,144,158,127,146,147,138,161,141,156,144,119,121,88,120,126,108,121,118,137,120,127,120,136,129,116,100,127,137,132,133,141,121,119,139,164,162,165,165,147,166,156,153,150,148,144,110,113,114,105,103,87,84,83,74,71,66,55,51,36,47,39,42,36,29,27,22,25,24,15,13,11,14,15,16,11,10,6,4,4,3,5,5,2,0,1,1,1,2,1,1,0,0,49738,24464,393,361,376,385,366,369,359,361,407,376,437,402,416,391,398,411,422,459,453,451,400,374,371,358,314,304,310,342,294,361,347,284,326,280,305,301,335,310,313,349,307,272,338,343,361,365,357,395,374,397,387,394,380,388,339,319,330,284,279,263,290,244,251,240,165,168,178,153,138,122,99,102,84,84,71,83,65,64,42,67,44,43,35,29,28,28,26,27,10,11,8,2,4,7,2,2,1,0,2,0,2,0,0,25274,369,366,401,376,355,342,405,396,391,387,431,423,442,400,438,416,416,421,410,460,408,361,350,298,324,335,300,326,309,347,351,310,325,317,311,295,298,315,327,352,365,340,317,302,345,397,386,404,409,399,379,393,391,377,376,369,306,317,307,270,269,248,247,237,194,199,174,157,134,128,130,114,112,109,86,103,89,95,77,63,62,61,67,61,61,38,40,31,30,17,23,17,14,9,4,7,4,2,4,1,3,0,0
"G190","2010","2","4","Iowa","19",,,,,,,,,,,,,,,,,,,,,,,,,,"Iowa",11084,5496,92,79,105,106,102,134,112,103,106,109,81,97,110,102,100,111,110,111,126,120,132,108,89,76,72,71,79,63,64,102,88,76,77,70,72,85,81,84,81,68,74,85,80,84,63,70,76,73,82,69,81,72,73,60,53,62,51,45,41,41,33,61,36,38,23,14,16,14,13,15,10,18,18,10,12,4,5,9,9,9,9,6,5,7,4,3,2,1,0,0,1,0,0,0,0,0,0,1,1,0,0,0,0,5588,86,100,102,101,106,96,97,89,99,113,107,116,92,114,98,116,91,94,109,109,111,102,79,89,81,93,73,62,69,86,95,76,85,84,83,72,58,65,76,84,98,78,93,92,74,78,73,73,81,87,85,60,73,79,73,56,55,61,38,46,45,39,32,25,29,29,20,28,29,22,16,16,20,15,17,12,10,8,12,2,7,4,6,7,6,4,4,1,4,2,2,1,1,0,2,0,0,0,0,0,0,0,0,24511,12161,261,239,280,242,239,279,285,246,220,249,242,232,263,242,225,241,259,247,255,258,238,233,193,169,151,175,175,133,143,171,186,162,173,147,149,151,174,153,149,135,152,159,144,152,137,142,163,156,155,147,179,146,147,150,123,147,117,108,96,96,94,103,80,77,53,49,49,34,42,34,31,36,39,32,24,15,18,23,17,13,20,12,11,18,10,9,6,6,2,1,6,2,1,3,4,2,1,1,1,1,1,0,0,12350,234,262,263,248,268,209,235,232,234,260,237,237,214,260,228,256,242,240,249,242,240,226,189,179,171,191,172,154,167,173,184,160,176,176,156,151,133,150,147,147,179,149,169,155,163,158,148,147,163,167,157,129,162,156,147,120,111,119,107,103,102,94,91,68,53,56,56,59,47,53,36,37,41,29,41,30,30,26,27,15,17,15,20,16,14,12,10,9,11,10,7,3,4,2,4,1,2,0,0,0,1,0,0
"G200","2010","2","4","Kansas","20",,,,,,,,,,,,,,,,,,,,,,,,,,"Kansas",28150,14005,172,190,200,220,225,237,214,213,211,251,235,238,285,212,261,255,251,289,283,309,284,286,230,255,210,213,232,208,208,234,205,202,179,203,203,188,182,198,223,210,206,196,185,172,194,178,206,163,193,194,199,182,162,190,136,173,132,172,126,127,141,117,115,115,80,65,71,61,70,60,65,43,48,34,36,44,27,38,17,24,24,24,19,15,12,9,10,14,4,6,3,1,1,1,1,0,0,0,0,0,0,0,0,14145,200,215,207,195,222,227,231,217,195,219,242,230,232,229,227,230,237,238,243,305,310,240,230,232,210,246,194,216,210,217,179,188,189,165,189,197,196,207,201,205,190,221,221,187,224,210,210,198,208,213,197,219,216,170,175,173,166,145,130,125,130,114,128,104,92,91,82,68,70,61,74,51,48,45,46,41,40,26,38,20,29,26,23,21,16,13,10,16,12,9,9,7,4,4,4,1,2,3,2,2,3,0,0,59130,29149,552,543,591,557,571,530,556,521,545,589,553,572,577,576,579,592,580,647,587,581,532,540,448,478,419,438,433,425,412,409,403,381,378,369,351,354,324,359,404,387,391,362,342,322,338,341,391,334,372,381,379,353,328,373,312,337,286,305,234,250,243,221,217,212,156,141,173,118,139,109,116,94,88,69,71,78,61,62,46,53,54,49,30,33,22,29,23,25,10,13,8,3,2,3,1,0,2,0,0,0,1,0,0,29981,534,610,543,525,546,525,545,547,504,542,562,559,527,527,535,524,555,561,543,607,570,481,489,465,432,491,422,439,420,449,403,374,376,350,379,356,360,377,376,398,386,409,374,363,409,408,398,406,426,399,390,418,398,388,350,339,319,306,278,243,239,206,244,210,187,177,152,149,148,136,140,124,104,106,84,84,70,63,75,50,55,59,54,56,43,31,29,32,24,25,14,16,11,10,12,6,7,5,3,2,4,0,0
"G210","2010","3","6","Kentucky","21",,,,,,,,,,,,,,,,,,,,,,,,,,"Kentucky",10120,5251,35,50,51,70,72,72,59,48,78,52,71,65,72,50,48,77,67,79,83,83,75,91,76,69,79,74,83,81,74,91,100,60,79,77,69,87,59,76,77,80,86,81,77,87,74,73,84,105,110,117,96,97,87,93,72,83,87,74,75,66,68,53,60,62,39,39,44,36,33,39,28,30,23,15,15,10,9,5,9,19,11,6,5,5,6,3,4,4,3,3,1,0,1,0,0,0,0,0,0,0,0,0,0,4869,38,51,54,61,65,60,56,56,53,57,73,57,62,61,65,64,66,80,74,77,65,71,63,76,63,74,63,57,59,73,60,67,52,70,60,72,63,81,65,74,71,55,77,85,78,93,96,90,105,96,102,81,96,90,88,77,66,67,77,53,58,60,52,58,34,38,40,30,31,25,22,21,23,17,15,15,10,11,14,9,8,8,7,12,5,11,8,6,6,1,1,2,3,1,3,1,1,0,0,1,0,0,0,31355,15568,203,183,195,213,221,232,206,185,204,214,255,220,256,218,198,245,244,238,257,232,214,237,209,212,192,218,172,193,217,209,224,184,198,188,189,197,175,206,207,205,231,206,204,257,197,250,244,288,297,265,269,255,261,240,234,213,245,196,204,203,204,173,162,186,121,125,144,109,100,112,95,103,82,58,67,57,40,46,41,73,44,36,42,26,21,16,17,13,5,11,5,0,3,3,1,0,0,1,0,1,1,0,0,15787,181,192,203,202,201,212,196,211,206,176,227,216,230,219,242,218,234,263,245,236,202,217,211,195,188,219,178,193,217,202,183,204,193,196,184,170,183,200,208,220,214,182,202,228,232,251,268,230,266,291,283,254,257,242,245,235,207,201,216,172,186,210,176,196,134,120,149,127,137,100,105,104,93,87,79,79,64,63,73,77,61,56,52,51,43,43,31,29,27,15,14,11,13,9,13,5,2,0,1,1,1,1,0
"G220","2010","3","7","Louisiana","22",,,,,,,,,,,,,,,,,,,,,,,,,,"Louisiana",30579,15249,240,213,227,220,249,236,241,247,251,247,264,293,234,248,262,277,246,275,291,249,258,260,236,261,230,250,244,229,226,219,233,194,204,202,199,193,206,206,199,226,202,227,218,198,202,229,230,212,203,210,200,203,194,208,181,195,170,157,172,163,155,135,143,157,116,107,81,84,69,86,83,76,57,51,33,52,43,39,27,29,23,30,28,16,11,10,14,4,8,1,3,6,1,2,2,2,4,0,1,0,1,0,0,15330,205,220,259,222,223,219,227,214,252,271,257,252,244,265,252,276,275,267,240,259,225,239,212,203,228,227,234,225,233,247,222,202,206,194,181,185,191,201,211,205,188,200,208,233,211,226,231,212,240,243,238,225,199,171,192,204,188,192,173,178,133,147,160,158,110,105,102,95,71,93,76,68,59,50,61,44,45,46,43,34,41,43,31,45,25,27,18,10,13,9,10,6,8,3,5,2,4,3,2,0,3,0,0,55079,26966,478,445,481,447,447,443,444,466,437,452,467,527,450,446,439,489,427,486,497,418,418,454,425,437,407,419,437,404,411,376,397,351,377,339,325,332,337,341,310,367,367,352,354,331,345,370,362,356,352,372,388,357,344,380,308,357,298,282,309,290,274,239,265,249,186,175,163,164,140,157,146,118,90,99,74,86,80,69,51,51,60,60,53,31,26,29,31,11,18,7,11,8,4,3,2,5,4,0,1,0,1,1,0,28113,465,430,498,456,431,453,438,414,474,452,451,448,456,475,416,487,468,474,431,492,406,433,401,382,409,389,431,402,410,441,421,376,365,359,309,324,333,358,352,374,323,352,351,380,360,402,420,395,424,420,450,408,375,355,344,372,367,334,322,287,267,287,285,270,193,202,193,199,144,171,148,134,111,104,128,100,102,82,83,75,73,72,63,74,54,58,41,33,27,18,21,21,17,6,8,4,5,4,4,0,6,1,0
"G230","2010","1","1","Maine","23",,,,,,,,,,,,,,,,,,,,,,,,,,"Maine",8568,4242,61,66,64,55,74,70,69,63,75,55,61,49,59,48,62,66,88,67,74,78,62,78,65,59,68,74,65,63,55,62,52,41,54,55,51,53,53,67,66,54,58,56,64,72,59,74,76,69,79,60,79,68,78,61,68,60,64,54,40,45,49,47,45,38,26,28,21,18,30,16,19,17,14,10,9,7,10,12,10,6,3,4,3,4,2,2,0,1,2,0,0,0,0,2,0,1,0,0,0,0,1,0,0,4326,59,59,56,55,64,66,59,54,63,71,52,57,62,60,61,67,85,62,72,74,60,56,68,61,65,69,67,62,61,70,56,59,54,58,60,56,57,52,50,51,51,62,66,73,78,80,74,76,78,58,90,87,72,61,66,57,49,61,49,41,52,47,37,47,33,33,32,24,33,19,25,17,15,17,18,15,10,7,7,9,8,6,8,5,4,5,3,4,0,1,3,0,1,1,0,0,0,0,0,1,0,0,0,18482,9121,159,155,144,133,149,152,147,141,163,135,156,137,150,130,148,144,172,146,149,164,126,150,139,124,140,133,116,121,120,124,114,102,93,113,101,119,112,123,124,112,140,126,129,142,118,122,149,146,145,123,167,134,151,143,123,135,127,117,105,109,100,90,104,81,60,64,66,48,62,43,44,38,38,26,26,26,27,23,19,10,10,19,8,13,8,4,7,8,6,1,2,1,2,2,1,2,0,0,0,0,1,0,0,9361,162,145,144,149,126,145,146,118,132,141,139,136,138,147,147,155,181,143,159,155,142,128,148,145,123,133,141,124,132,140,109,125,111,106,125,110,118,118,124,115,102,133,128,140,148,137,144,145,147,118,170,171,132,138,135,132,114,121,107,105,94,101,86,108,80,67,73,49,70,51,51,48,47,43,35,30,31,21,17,18,19,19,18,14,13,11,9,9,4,2,10,3,2,5,3,4,2,0,0,1,0,1,0
"G240","2010","3","5","Maryland","24",,,,,,,,,,,,,,,,,,,,,,,,,,"Maryland",20420,10231,135,145,160,144,141,165,152,144,130,155,142,150,134,115,149,163,138,171,149,157,180,208,153,181,179,160,155,184,159,185,171,143,151,158,162,138,145,148,139,169,179,155,132,162,164,174,185,156,156,142,161,138,124,124,146,134,134,121,128,89,120,87,97,90,75,57,51,63,62,37,37,49,29,35,38,29,16,21,19,17,11,14,11,14,13,5,9,1,5,3,0,1,0,2,1,0,0,0,0,0,1,0,0,10189,130,160,145,172,141,134,149,147,133,124,132,129,141,124,139,154,154,141,161,121,154,135,142,154,160,154,155,127,157,175,151,146,157,142,125,162,137,153,151,165,168,154,140,156,163,174,172,160,140,179,174,172,136,167,149,142,126,142,135,117,119,87,103,88,52,69,69,67,49,57,52,46,40,30,41,32,27,26,25,20,24,18,16,28,9,17,10,12,13,12,9,8,4,5,0,2,2,0,0,0,2,0,0,58657,28141,443,485,500,460,448,487,434,457,442,461,473,471,470,431,495,478,450,523,501,458,508,518,454,437,465,430,430,444,382,459,405,397,371,358,384,378,353,369,349,398,439,401,359,406,425,444,469,418,403,406,406,363,380,335,389,355,343,303,285,234,291,251,261,230,179,179,156,155,134,105,90,110,93,75,77,85,49,54,48,43,39,31,27,28,30,17,17,10,13,12,6,8,2,4,7,1,0,0,1,1,1,1,1,30516,430,426,462,456,466,465,459,477,431,441,478,461,467,459,455,509,546,484,509,442,489,409,412,450,437,449,463,449,490,493,411,409,429,399,397,403,406,423,452,442,462,454,432,450,443,471,504,489,469,494,481,455,392,446,383,393,352,376,353,346,333,295,306,289,182,223,185,190,165,157,145,117,105,100,93,77,88,71,70,57,69,58,52,63,46,59,28,44,42,27,27,19,17,13,3,8,5,2,0,2,3,1,0
"G250","2010","1","1","Massachusetts","25",,,,,,,,,,,,,,,,,,,,,,,,,,"Massachusetts",18850,9588,135,127,183,158,137,143,156,151,146,117,142,136,127,158,144,144,156,170,210,195,221,219,165,146,188,174,136,170,153,165,151,123,132,136,118,142,113,137,138,145,130,150,120,138,135,156,147,149,131,142,116,126,122,126,114,111,92,99,86,93,80,85,59,72,51,68,50,51,35,38,33,40,36,26,28,31,30,19,22,20,22,15,15,8,14,11,7,5,8,1,7,1,2,2,2,0,2,0,0,1,1,0,0,9262,143,158,144,151,155,141,141,144,129,156,150,124,152,135,127,137,149,162,175,170,184,147,171,143,138,133,140,122,139,163,145,112,134,117,120,129,101,128,123,129,126,130,121,128,150,139,137,145,155,127,145,124,143,107,123,126,111,106,91,89,73,74,75,67,67,53,42,52,37,42,47,42,36,18,32,36,37,32,22,18,20,21,16,17,14,15,8,9,11,12,10,4,5,6,1,0,1,2,1,1,2,0,0,50705,24799,411,397,439,403,379,410,420,387,392,382,426,397,380,397,422,415,446,474,536,546,537,488,444,380,431,437,362,376,359,356,342,329,326,315,267,338,266,302,296,352,319,324,317,359,347,383,348,360,377,347,335,330,327,318,295,284,255,253,259,232,212,223,186,203,142,165,131,136,102,104,93,97,92,76,74,76,67,51,43,60,40,35,47,41,40,26,20,18,13,11,10,9,8,5,5,0,4,0,0,1,1,1,0,25906,388,414,381,380,396,364,369,393,383,419,417,391,426,405,407,419,429,457,513,523,516,449,459,392,404,375,381,337,388,419,370,354,335,339,314,313,279,326,334,351,336,356,352,352,368,361,370,402,417,362,422,346,371,325,359,333,319,302,251,265,237,225,211,195,161,190,140,157,136,134,112,122,114,83,101,75,82,74,63,69,77,61,51,40,49,40,33,35,35,28,24,20,14,14,5,6,4,4,2,2,3,0,0
"G260","2010","2","3","Michigan","26",,,,,,,,,,,,,,,,,,,,,,,,,,"Michigan",62007,30915,431,394,429,487,472,476,452,490,490,487,496,487,514,508,516,573,550,594,600,589,555,479,457,483,422,431,383,426,411,388,377,389,417,398,374,400,400,456,410,456,473,459,500,463,429,468,477,525,478,493,495,445,470,416,456,411,388,363,345,313,325,291,312,269,215,154,206,173,177,181,129,117,104,105,91,77,79,76,55,52,52,44,39,36,29,29,26,10,14,7,6,4,5,1,3,1,1,1,2,0,3,0,0,31092,380,422,407,427,437,403,436,433,448,513,464,519,515,484,509,511,577,537,519,520,514,499,450,415,445,374,400,372,394,388,452,374,435,381,390,397,367,415,444,511,486,423,451,445,435,499,472,493,510,472,551,475,471,475,434,467,436,375,376,342,320,321,318,334,242,190,187,197,151,181,148,158,152,120,111,114,76,76,81,83,65,55,53,56,54,56,62,32,25,24,15,11,19,9,14,8,1,2,1,1,3,0,0,139095,67514,1225,1187,1208,1255,1240,1226,1195,1230,1217,1236,1279,1297,1291,1229,1325,1372,1375,1385,1399,1275,1264,1090,1005,958,974,839,822,849,839,812,804,852,808,827,778,772,793,854,818,905,886,826,912,871,867,869,966,972,938,937,948,911,904,817,843,832,791,702,731,677,639,583,600,559,424,355,393,381,349,329,286,266,222,206,191,157,143,144,130,112,108,97,77,88,74,60,57,34,34,24,22,14,13,9,8,4,4,2,3,1,3,0,0,71581,1117,1096,1135,1140,1119,1098,1176,1157,1184,1289,1219,1263,1270,1218,1320,1307,1385,1351,1266,1287,1162,1108,1034,994,998,882,900,925,920,916,951,847,959,857,850,833,789,931,958,1033,973,957,980,913,919,1022,1027,1070,1058,1053,1057,999,979,993,995,915,868,793,822,730,712,671,690,663,504,445,416,459,375,375,336,341,283,277,254,247,199,185,194,187,164,141,138,122,137,127,115,94,69,72,47,39,37,24,26,14,10,4,9,1,10,0,1
"G270","2010","2","4","Minnesota","27",,,,,,,,,,,,,,,,,,,,,,,,,,"Minnesota",60916,30234,596,614,603,629,593,560,562,581,569,552,531,556,519,545,515,534,538,544,680,606,666,553,538,529,483,509,495,488,442,441,413,449,389,380,406,367,342,360,370,384,411,405,375,370,383,390,387,398,444,411,427,357,399,367,353,314,295,308,266,207,239,245,204,192,155,151,122,115,125,114,107,100,71,84,66,76,44,55,43,35,31,30,18,29,16,21,11,13,7,4,5,2,2,0,1,1,0,1,0,0,1,0,0,30682,580,617,591,639,597,568,551,538,537,509,532,491,526,532,517,509,529,566,603,581,598,535,468,496,489,498,487,451,468,482,442,410,393,399,341,331,360,386,368,379,405,374,402,426,384,410,458,408,433,437,454,402,367,369,406,330,333,325,279,274,310,242,255,248,166,166,168,151,135,140,128,99,95,104,83,76,66,73,62,46,42,28,33,36,19,24,28,11,12,16,10,14,6,4,3,6,3,2,0,2,0,0,0,101900,50015,1201,1251,1220,1193,1150,1068,1069,1021,1058,1055,992,1002,978,970,957,980,941,1000,1138,1014,1012,846,842,814,775,776,793,748,717,718,656,722,625,592,611,586,535,577,584,593,589,613,584,560,575,588,602,595,617,619,597,544,598,559,528,477,443,447,413,328,333,365,309,302,220,217,180,182,194,168,165,137,104,105,98,107,77,72,72,50,42,44,34,38,28,27,18,26,11,9,7,4,4,0,3,3,0,2,1,0,1,0,0,51885,1140,1183,1155,1177,1111,1096,1070,1005,1043,937,993,942,978,943,913,930,978,1011,1048,1027,992,896,802,863,850,842,855,774,788,824,767,711,661,633,605,557,588,612,621,642,641,609,614,623,625,613,699,596,653,679,686,604,574,556,599,499,500,487,417,407,438,362,376,365,233,242,258,214,195,199,200,153,142,155,116,113,102,104,91,69,58,54,54,58,35,42,42,19,33,26,22,22,16,8,5,9,5,2,1,2,1,0,0
"G280","2010","3","6","Mississippi","28",,,,,,,,,,,,,,,,,,,,,,,,,,"Mississippi",15030,7408,149,140,152,154,154,145,146,156,137,124,143,119,120,122,109,100,116,146,136,149,125,144,111,129,133,127,109,115,98,115,128,107,108,112,90,97,93,92,81,114,87,70,90,102,108,86,89,115,110,105,95,106,87,77,78,74,64,57,69,69,72,68,53,75,47,33,48,26,24,26,29,28,33,24,21,17,12,16,8,9,10,8,5,4,2,2,5,7,5,2,0,1,0,0,1,1,0,1,1,1,0,0,0,7622,151,132,133,137,142,139,153,139,131,168,124,114,134,109,129,106,128,113,138,145,153,146,102,115,134,138,128,113,92,96,125,104,106,125,107,93,104,86,106,102,92,90,97,94,102,139,112,103,108,89,94,92,93,97,85,76,83,72,78,73,68,65,62,59,51,39,47,39,24,35,37,32,32,26,31,17,16,15,19,7,18,7,8,8,6,8,10,6,6,1,5,1,1,3,1,0,0,2,0,1,0,0,0,25910,12741,258,239,246,257,242,233,251,230,215,208,212,223,220,192,194,181,198,221,237,238,209,218,196,205,194,203,166,189,162,192,204,184,178,175,141,175,147,146,145,182,150,123,148,147,177,151,169,183,185,202,166,190,178,156,153,147,133,101,137,129,123,118,102,121,75,86,91,73,67,59,61,52,69,42,41,44,28,36,25,24,31,25,18,13,9,10,11,12,15,4,5,2,3,2,5,3,0,1,1,2,1,0,0,13169,270,226,207,238,214,234,248,205,211,257,203,193,226,176,197,188,201,204,225,242,225,227,156,180,197,207,193,182,161,151,207,169,168,180,183,150,166,154,172,172,161,165,150,161,167,223,186,163,175,174,183,162,189,186,169,152,157,134,139,152,124,135,119,123,95,94,93,88,68,67,81,70,72,61,55,54,49,40,45,26,43,37,31,26,26,23,22,19,14,12,17,2,5,7,2,1,1,3,2,2,2,0,0
"G290","2010","2","4","Missouri","29",,,,,,,,,,,,,,,,,,,,,,,,,,"Missouri",27376,13786,156,153,153,171,174,175,162,180,200,210,172,209,216,206,212,221,230,250,253,232,253,212,211,190,218,189,167,168,200,178,169,198,205,194,168,182,182,174,198,194,216,220,187,181,191,241,230,216,254,223,249,233,230,244,242,206,187,154,172,147,149,149,142,140,102,88,95,87,98,96,83,62,69,39,53,43,43,31,32,25,23,27,17,14,11,14,11,11,7,4,4,3,2,1,1,1,0,0,0,0,1,0,0,13590,144,171,189,189,181,172,159,162,166,195,206,181,204,202,209,198,192,225,215,228,195,206,214,212,187,198,179,189,185,168,187,172,190,169,175,156,169,174,174,204,180,198,180,222,203,197,231,232,244,215,243,253,237,227,221,220,214,210,210,170,147,165,138,135,106,96,87,94,71,63,74,67,57,46,57,43,36,35,27,32,32,19,23,30,18,17,19,7,15,9,3,4,3,3,4,3,2,1,2,0,1,1,0,72376,35840,568,545,568,519,591,511,517,553,560,569,534,598,600,589,607,619,636,652,674,636,643,529,474,449,523,446,425,436,472,476,476,449,456,451,402,453,451,452,455,508,487,468,405,443,476,527,552,538,561,531,584,584,524,577,585,524,473,431,424,351,362,386,369,359,260,276,244,247,236,220,191,182,158,132,123,137,107,84,95,82,75,63,56,51,34,39,36,27,24,17,10,12,6,7,6,1,0,1,4,1,3,0,0,36536,515,554,544,576,535,528,488,504,492,569,551,514,563,571,608,599,613,633,611,595,534,516,510,536,477,499,463,483,488,475,471,465,464,434,427,424,432,448,467,505,484,469,470,536,478,517,539,575,570,573,643,630,559,587,557,544,494,512,470,417,386,405,358,369,263,250,263,263,219,213,195,204,172,141,159,126,110,128,117,111,100,71,79,86,77,74,73,37,41,39,20,19,9,15,10,9,5,4,4,2,4,1,0
"G300","2010","4","8","Montana","30",,,,,,,,,,,,,,,,,,,,,,,,,,"Montana",62555,30965,672,709,731,728,641,666,641,630,620,606,623,542,574,562,545,514,613,644,617,579,584,570,563,552,496,469,466,465,433,421,405,422,388,392,355,377,332,367,353,364,347,318,349,303,360,384,353,421,432,371,398,355,437,343,359,307,269,319,272,266,275,239,179,198,168,188,146,135,116,125,131,104,85,89,84,84,52,65,41,37,43,32,25,27,20,16,19,11,12,8,8,3,1,2,0,1,0,0,1,0,1,0,0,31590,685,686,685,708,658,671,645,601,660,566,596,535,522,541,470,545,578,591,609,539,607,535,540,511,490,484,496,493,441,419,408,385,400,354,382,380,361,368,339,356,321,356,370,342,385,419,385,406,403,448,443,424,431,372,379,330,343,326,292,270,271,226,255,191,182,183,152,175,143,154,140,138,120,115,88,89,89,99,75,61,57,49,46,36,31,23,22,18,14,11,14,8,11,6,3,2,2,2,0,0,3,1,0,78601,38933,901,918,939,939,839,859,845,800,804,778,781,701,748,754,699,701,788,833,791,716,716,705,676,669,601,589,555,583,543,529,499,516,483,480,428,448,405,455,418,430,420,383,424,380,435,463,444,510,530,457,489,449,511,422,455,396,346,398,343,325,335,314,231,246,198,240,184,170,148,156,152,136,109,110,115,101,64,75,55,47,57,43,31,33,33,19,24,12,13,12,10,6,1,4,1,1,1,0,1,0,3,0,0,39668,878,869,892,895,843,850,810,774,832,713,740,715,676,705,648,682,743,741,757,692,736,665,660,619,601,606,617,621,539,532,503,481,507,456,451,468,439,465,427,455,412,422,458,425,480,504,484,484,497,546,530,499,533,467,474,413,423,414,370,337,336,286,320,252,228,231,192,224,185,197,178,176,157,148,115,109,115,115,97,82,70,55,60,43,40,29,31,22,21,13,18,11,11,7,4,3,4,4,0,0,3,1,0
"G310","2010","2","4","Nebraska","31",,,,,,,,,,,,,,,,,,,,,,,,,,"Nebraska",18427,9044,196,198,203,221,190,234,206,209,192,211,185,204,167,176,155,181,195,196,183,172,162,141,170,161,150,148,151,123,136,129,135,111,138,125,127,113,108,121,113,116,117,89,110,121,122,108,115,84,92,115,89,106,78,87,81,89,86,61,67,73,62,62,53,49,43,22,22,26,30,19,35,23,22,27,19,15,11,12,9,11,3,3,1,7,0,2,3,3,4,1,0,2,0,0,1,0,0,0,0,0,0,0,0,9383,179,187,203,197,201,182,197,186,193,211,187,200,185,177,168,164,170,190,175,195,152,164,135,150,132,165,112,133,118,130,155,127,121,131,125,131,129,100,137,121,120,127,119,136,114,130,115,98,123,128,131,92,109,115,92,95,87,91,94,78,49,70,67,50,62,37,47,45,32,33,32,22,16,18,23,23,16,14,16,12,11,5,11,6,13,6,6,10,7,2,3,1,2,3,1,0,1,1,0,1,0,0,0,29816,14559,367,369,372,369,348,397,374,343,348,350,313,328,279,318,295,307,304,302,282,259,253,245,267,235,228,226,222,193,205,206,202,184,210,201,185,186,151,180,163,171,175,151,152,167,160,163,173,140,150,168,136,150,134,136,133,137,124,105,106,105,93,93,81,73,58,49,43,40,42,40,48,37,33,33,37,22,13,15,15,16,9,6,6,13,2,8,6,9,7,1,1,4,1,1,2,0,0,0,0,0,0,0,0,15257,369,354,366,353,372,327,345,332,330,340,330,332,288,300,286,287,269,308,303,302,247,253,231,245,206,255,199,213,218,237,230,198,202,193,193,179,194,140,206,186,192,183,165,191,182,190,181,173,182,183,189,158,163,167,152,146,140,134,133,116,98,100,99,85,88,61,70,63,51,58,49,39,32,27,30,27,29,19,22,26,19,14,17,7,19,13,9,15,8,5,5,4,2,4,1,0,1,1,0,1,1,0,0
"G320","2010","4","8","Nevada","32",,,,,,,,,,,,,,,,,,,,,,,,,,"Nevada",32062,15886,262,187,213,248,242,247,210,221,217,266,235,246,249,249,236,284,244,280,281,248,260,247,249,253,268,256,249,276,230,264,257,216,226,213,197,190,213,207,210,227,248,218,238,230,257,272,260,249,246,222,256,205,249,218,212,200,187,195,144,159,153,172,133,142,117,115,105,89,73,78,84,64,67,50,47,61,38,31,33,27,35,26,16,15,12,10,10,12,10,6,2,2,3,3,2,2,2,0,0,0,0,1,0,16176,222,230,219,231,216,245,236,229,222,233,237,263,226,248,245,259,280,279,234,238,268,251,266,269,223,255,245,275,239,239,230,188,221,221,200,218,209,241,224,245,204,251,211,213,231,273,255,215,241,269,268,241,256,216,220,223,199,185,180,156,160,157,150,144,115,115,116,139,91,83,85,64,74,61,67,64,64,47,42,41,40,31,23,36,26,22,24,15,19,5,10,5,5,1,2,0,1,3,0,2,1,0,0,55945,27575,548,468,440,491,462,499,418,464,454,511,460,480,464,465,462,519,460,506,500,443,429,378,401,418,429,394,418,448,392,425,426,354,401,369,334,333,342,352,369,377,399,362,374,350,411,424,415,395,379,363,367,349,379,351,319,312,299,322,245,273,266,292,232,253,208,194,203,156,126,132,144,111,103,84,91,85,71,49,60,42,52,43,28,25,27,19,22,14,16,7,4,5,4,3,5,2,2,1,0,0,1,2,0,28370,512,466,494,465,448,472,476,428,419,413,432,479,436,463,481,470,481,496,419,416,438,457,444,442,410,412,420,473,429,425,395,352,398,386,369,383,352,382,388,406,380,396,379,353,377,433,413,365,393,431,425,410,405,349,354,372,334,311,283,284,256,270,264,254,197,199,201,225,150,148,142,123,108,96,101,104,94,73,66,74,67,49,38,53,49,37,38,28,28,9,20,8,6,6,4,1,2,4,0,2,2,0,0
"G330","2010","1","1","New Hampshire","33",,,,,,,,,,,,,,,,,,,,,,,,,,"New Hampshire",3150,1633,11,10,22,18,12,15,20,16,19,32,24,31,31,20,18,19,20,25,35,30,30,32,38,20,22,21,24,23,18,17,14,16,20,14,25,28,16,20,24,18,24,30,29,22,22,22,23,25,31,30,25,38,37,28,34,32,27,23,22,21,18,17,21,15,12,18,14,13,9,8,8,6,6,7,6,7,5,0,2,6,5,3,3,2,1,0,2,1,3,1,0,0,0,0,0,0,0,0,0,0,1,0,0,1517,17,14,25,17,20,18,25,17,15,16,24,17,27,20,23,26,22,28,28,32,34,28,22,12,18,26,20,22,23,16,23,17,16,12,26,16,19,17,19,23,22,23,23,25,29,26,32,39,30,28,22,24,35,28,25,23,19,23,25,26,10,21,11,11,6,13,4,3,12,4,7,3,7,5,3,3,2,5,4,3,1,2,3,1,3,2,0,1,0,0,0,0,0,0,0,0,0,0,0,0,0,0,0,10524,5300,68,67,66,66,77,64,82,85,92,96,94,105,95,84,88,92,88,79,97,88,75,87,80,65,61,57,64,59,66,56,48,62,71,53,59,78,54,64,80,63,73,82,73,72,71,83,103,90,86,97,96,105,98,80,92,72,80,60,68,58,58,59,61,54,38,45,32,35,24,35,22,19,22,15,12,19,19,11,13,12,13,13,11,5,9,4,5,4,5,4,3,0,1,1,0,0,0,1,0,0,2,0,0,5224,73,73,65,70,83,87,79,73,82,79,81,78,98,62,97,95,87,95,92,94,83,100,73,56,68,69,60,68,61,52,63,56,62,60,66,54,62,63,65,75,72,71,71,80,86,98,106,111,97,74,88,84,101,81,81,65,71,61,61,66,57,57,47,36,37,36,31,19,35,15,24,14,23,16,15,16,13,18,17,17,9,10,15,9,8,7,7,5,6,5,3,4,4,1,3,0,0,0,0,0,1,0,0
"G340","2010","1","2","New Jersey","34",,,,,,,,,,,,,,,,,,,,,,,,,,"New Jersey",29026,15020,278,296,268,278,249,217,233,225,206,224,255,218,218,239,199,232,240,241,245,264,284,284,274,244,253,265,264,257,259,272,283,235,251,242,226,238,204,233,198,256,217,203,216,229,215,204,221,221,224,199,206,211,172,164,158,145,152,146,136,123,111,88,111,107,101,110,64,69,65,50,55,42,45,48,44,29,28,29,23,27,28,15,19,17,14,14,14,11,5,4,6,5,3,2,2,1,2,2,0,1,0,0,0,14006,263,239,240,240,260,226,251,232,182,216,218,195,210,217,225,228,224,210,211,200,235,200,224,217,207,215,207,241,215,201,247,203,220,192,205,201,184,208,197,208,213,202,191,192,183,190,206,191,196,211,204,190,171,174,198,137,140,130,137,129,119,108,119,103,96,77,93,82,59,58,73,53,69,66,39,55,50,35,26,41,41,38,27,31,23,21,15,15,22,9,11,7,7,9,2,3,1,0,0,0,3,1,0,70716,35070,657,600,600,625,590,527,566,521,529,564,587,544,552,561,522,596,590,644,618,625,606,619,608,572,561,548,596,556,548,578,579,504,549,513,489,517,478,489,477,528,496,472,501,503,520,506,528,511,506,475,536,479,430,416,391,394,344,385,311,302,318,263,260,253,231,226,177,178,163,134,127,115,108,98,118,68,74,71,72,58,62,48,40,38,38,43,33,35,17,11,17,12,5,4,5,1,4,3,1,2,0,0,0,35646,622,576,575,568,568,544,576,556,485,545,536,546,535,567,565,590,566,587,552,519,545,500,511,512,534,499,509,535,548,520,567,507,509,484,483,494,473,510,481,534,524,520,505,505,492,518,515,538,522,535,539,494,490,514,475,413,426,379,369,379,369,282,313,287,218,242,220,222,167,162,184,136,151,149,126,136,111,94,92,107,93,83,85,78,73,62,56,43,48,39,35,20,22,19,8,12,5,1,2,1,5,3,0
"G350","2010","4","8","New Mexico","35",,,,,,,,,,,,,,,,,,,,,,,,,,"New Mexico",193222,93534,1665,1666,1734,1804,1707,1646,1632,1657,1624,1727,1662,1644,1548,1563,1612,1721,1845,1922,1919,1841,1955,1699,1734,1618,1643,1584,1499,1497,1455,1419,1359,1288,1296,1309,1300,1137,1167,1135,1200,1218,1197,1132,1115,1110,1191,1244,1204,1213,1233,1223,1143,1083,1051,1079,986,999,901,822,801,730,831,703,612,612,522,529,444,449,453,380,346,354,322,315,283,272,216,240,212,168,170,141,144,111,102,92,75,69,58,43,28,30,23,17,17,12,5,10,2,5,6,3,0,99688,1675,1654,1709,1737,1745,1655,1639,1592,1617,1666,1631,1655,1599,1523,1543,1676,1799,1879,1924,1952,1919,1781,1627,1559,1638,1622,1500,1507,1453,1490,1403,1335,1317,1279,1285,1319,1219,1282,1196,1265,1256,1180,1222,1211,1232,1433,1377,1367,1344,1339,1349,1233,1208,1188,1184,1140,1062,1031,912,965,874,840,739,778,651,639,583,586,530,523,487,507,443,437,412,377,301,333,311,273,264,215,210,182,169,162,105,107,92,80,61,61,59,50,35,29,21,19,17,12,14,1,0,219512,106435,2054,2012,2083,2137,2012,1955,1914,1960,1910,2003,1938,1889,1804,1805,1885,1995,2119,2170,2184,2061,2155,1913,1935,1795,1839,1772,1673,1665,1623,1551,1507,1441,1431,1454,1433,1283,1292,1265,1316,1344,1332,1245,1247,1236,1307,1390,1351,1333,1374,1376,1288,1209,1205,1208,1117,1134,1037,951,922,860,942,803,728,728,601,590,507,521,510,440,386,402,366,350,321,311,242,255,238,187,185,156,166,127,117,113,85,77,63,48,28,38,25,18,18,12,5,11,2,5,6,3,0,113077,2044,1976,2040,2064,2045,1959,1911,1880,1903,1940,1901,1953,1875,1770,1787,1941,2070,2167,2149,2179,2139,1973,1812,1750,1823,1806,1656,1675,1623,1641,1570,1481,1484,1439,1415,1449,1356,1395,1331,1407,1388,1300,1350,1343,1353,1586,1535,1517,1510,1497,1505,1380,1352,1352,1339,1288,1199,1187,1048,1071,990,963,879,896,739,731,672,658,590,567,550,562,490,477,462,429,343,363,349,307,301,227,231,195,195,177,122,120,101,94,68,69,66,53,37,36,21,20,19,14,14,1,0
"G360","2010","1","2","New York","36",,,,,,,,,,,,,,,,,,,,,,,,,,"New York",106906,53330,790,849,814,854,857,826,797,873,866,832,913,835,832,875,857,977,939,933,1061,999,1021,1013,969,904,988,908,863,919,839,847,934,822,799,725,761,778,722,743,771,760,896,742,738,749,765,789,858,789,703,739,691,667,688,605,597,632,503,487,471,479,414,382,396,387,294,260,251,251,236,234,190,197,197,161,153,129,127,83,85,91,86,66,64,60,52,46,29,27,23,27,19,14,11,5,5,5,1,6,3,1,5,3,1,53576,868,805,852,856,852,821,843,845,845,830,815,848,843,803,818,906,895,932,923,984,905,875,827,763,854,772,814,789,819,809,823,729,762,743,747,786,733,706,728,816,773,726,775,791,749,802,748,786,775,787,723,671,692,653,649,634,562,548,527,511,474,442,472,419,343,329,295,333,288,255,283,236,244,231,196,188,179,156,145,148,124,145,115,94,95,92,65,44,53,52,33,33,23,25,16,16,4,9,3,4,9,0,0,221058,107340,1756,1827,1723,1784,1792,1693,1642,1795,1704,1689,1833,1754,1711,1783,1767,1907,1887,1926,2043,2061,2062,2017,1882,1728,1814,1736,1656,1751,1599,1639,1763,1547,1561,1419,1476,1473,1412,1477,1450,1504,1714,1499,1413,1516,1482,1648,1676,1510,1478,1444,1420,1331,1402,1292,1269,1259,1069,1047,971,1000,895,879,848,782,638,581,574,569,476,454,413,391,388,326,329,275,273,197,185,204,197,151,138,111,106,101,70,53,48,55,37,26,21,11,12,12,2,7,6,2,8,5,1,113718,1822,1682,1783,1751,1707,1691,1702,1698,1740,1682,1752,1773,1710,1718,1704,1887,1878,1896,1964,1999,1905,1824,1750,1650,1710,1685,1785,1754,1730,1716,1721,1579,1635,1607,1564,1562,1433,1482,1490,1716,1653,1550,1645,1596,1597,1704,1651,1638,1622,1680,1583,1513,1527,1439,1408,1347,1266,1218,1205,1150,1073,1042,1090,952,766,755,698,740,611,572,571,526,494,474,451,383,355,319,331,301,251,287,261,216,196,201,172,123,137,122,85,68,66,58,38,28,13,17,11,12,22,1,0
"G370","2010","3","5","North Carolina","37",,,,,,,,,,,,,,,,,,,,,,,,,,"North Carolina",122110,59752,900,912,923,987,960,958,949,978,949,1030,1062,1005,1030,945,1031,1085,1039,1059,1083,1006,970,902,866,859,828,794,746,873,804,871,803,859,896,885,827,876,820,935,917,912,859,827,789,771,844,882,782,866,821,747,819,737,797,773,728,693,744,675,660,593,612,609,610,605,490,464,378,399,326,303,266,262,235,175,208,177,151,136,117,88,92,88,68,63,57,48,40,30,26,32,19,16,7,3,9,0,0,0,0,0,2,0,0,62358,929,857,956,919,946,921,945,882,964,954,1037,1077,992,958,983,966,947,964,1015,946,985,895,868,898,820,830,832,918,866,917,918,834,905,919,882,928,947,874,956,988,928,857,808,838,846,893,866,864,832,893,917,850,840,771,849,825,804,702,669,710,663,619,659,577,492,471,430,386,394,336,338,327,277,268,281,248,197,205,154,164,172,130,129,126,87,99,73,66,72,43,47,20,22,23,17,14,14,8,3,0,6,1,0,184082,89069,1513,1535,1542,1648,1509,1610,1600,1538,1599,1616,1666,1557,1672,1538,1597,1627,1614,1637,1645,1544,1454,1364,1299,1301,1209,1221,1117,1303,1166,1264,1194,1250,1278,1282,1176,1240,1193,1329,1295,1293,1226,1194,1176,1098,1228,1233,1151,1250,1199,1109,1178,1060,1145,1061,1015,1001,1016,921,924,829,863,838,834,792,673,647,503,532,450,412,371,370,334,248,307,250,206,188,167,134,124,144,106,90,75,68,70,50,45,48,26,22,9,5,10,0,5,0,0,0,4,0,0,95013,1558,1462,1562,1534,1536,1519,1509,1487,1535,1566,1696,1662,1567,1589,1582,1494,1538,1551,1592,1496,1500,1367,1325,1375,1306,1275,1277,1392,1313,1370,1400,1290,1364,1351,1320,1355,1342,1281,1392,1438,1391,1246,1253,1270,1262,1372,1337,1338,1261,1355,1323,1248,1221,1198,1230,1196,1145,999,967,1000,927,860,941,821,643,664,630,573,546,453,470,434,378,397,398,349,289,292,255,238,244,201,173,194,142,159,119,104,92,84,71,35,36,30,23,27,17,9,3,2,9,1,0
"G380","2010","2","4","North Dakota","38",,,,,,,,,,,,,,,,,,,,,,,,,,"North Dakota",36591,17950,407,420,428,430,418,393,386,364,376,380,364,317,315,371,302,343,378,388,385,369,379,339,325,333,301,298,270,314,266,280,282,238,243,219,241,201,218,208,233,208,204,203,214,186,223,225,225,250,174,210,227,202,194,155,171,147,145,141,131,106,103,98,104,95,79,79,69,65,59,69,55,41,54,43,37,35,34,36,21,19,15,14,12,13,10,7,2,3,2,2,3,1,2,2,3,1,0,0,0,0,0,0,0,18641,385,437,405,446,424,420,377,353,336,350,309,337,318,328,301,316,338,363,370,386,361,317,320,358,339,310,276,301,268,272,270,271,256,240,232,228,214,218,220,234,235,205,237,250,211,259,230,220,238,246,226,202,214,205,191,185,183,146,153,147,142,136,103,106,85,105,66,73,84,62,76,66,50,47,48,50,43,32,46,42,42,22,20,18,19,9,11,7,6,4,5,4,5,4,4,4,2,2,2,2,0,0,0,42996,21032,516,524,548,540,522,487,458,436,465,455,445,387,379,443,363,399,454,455,439,443,433,409,373,388,344,341,310,361,315,321,329,278,283,256,275,235,247,243,256,231,227,229,242,209,246,254,256,280,197,241,248,235,219,177,185,172,165,156,143,123,120,111,119,108,87,85,73,73,69,75,62,44,58,49,44,41,36,37,23,21,20,14,17,14,11,8,3,3,3,2,3,1,2,2,3,1,0,0,0,0,0,0,0,21964,495,564,499,566,514,508,448,433,404,420,394,421,394,403,364,381,405,424,448,461,451,397,392,408,398,360,334,356,313,305,324,315,299,271,260,259,244,250,242,272,259,238,272,273,234,289,259,250,272,276,251,231,233,232,214,209,202,164,178,161,158,153,118,127,98,109,76,83,94,72,82,69,56,58,52,57,46,34,53,49,45,24,26,21,23,13,13,10,6,4,5,6,7,5,5,5,3,2,2,2,0,0,0
"G390","2010","2","3","Ohio","39",,,,,,,,,,,,,,,,,,,,,,,,,,"Ohio",25292,12811,140,129,131,143,168,153,143,146,141,170,167,183,172,161,176,197,163,204,224,215,200,181,198,179,168,161,159,157,152,164,182,165,161,160,160,189,172,183,192,208,215,209,175,182,207,260,236,219,252,224,259,218,253,243,222,214,185,202,183,183,171,126,143,125,88,100,94,105,89,51,73,62,47,35,36,39,33,31,29,26,33,24,12,16,12,7,10,6,7,1,6,5,0,1,3,1,2,0,0,0,3,1,0,12481,132,125,138,151,165,131,153,141,156,151,155,144,138,181,157,166,196,209,208,199,200,172,171,158,156,161,165,132,153,173,163,153,159,151,162,161,178,187,179,198,210,174,169,163,220,201,215,239,224,236,217,225,282,246,211,216,198,182,147,161,155,150,126,142,106,107,91,69,85,73,75,51,61,45,47,50,44,38,29,41,30,28,33,25,21,17,11,18,12,2,9,6,1,3,4,3,3,0,0,2,4,0,0,90124,43829,647,679,622,713,680,656,663,690,685,695,724,744,741,707,782,782,760,834,785,752,743,692,651,611,553,528,553,540,504,598,604,515,529,492,521,535,507,593,593,610,619,574,557,570,591,686,665,597,717,695,701,661,709,719,615,609,590,565,521,533,527,427,459,439,308,295,298,293,251,200,209,197,185,141,134,160,120,108,99,87,105,73,62,69,56,37,37,30,26,20,20,12,6,6,5,4,4,2,1,1,8,1,0,46295,686,654,672,686,658,616,618,647,675,693,693,708,709,752,746,748,836,815,792,798,753,674,623,655,584,640,591,509,547,629,640,573,585,591,552,533,586,604,597,620,688,630,578,546,649,685,693,693,745,785,718,721,821,777,716,664,601,612,548,522,519,524,453,479,340,314,322,290,275,229,251,217,220,169,190,177,168,147,131,157,127,128,128,118,88,83,65,58,54,49,41,22,19,17,12,8,10,2,0,4,10,0,0
"G400","2010","3","7","Oklahoma","40",,,,,,,,,,,,,,,,,,,,,,,,,,"Oklahoma",321687,158693,2799,2959,2978,3065,2982,3053,3084,3062,3183,3118,3318,3138,3074,2925,3005,3039,3048,3100,3120,2981,2632,2583,2382,2367,2206,2289,2268,2471,2210,2321,2407,2111,2161,2083,2037,2032,1879,1934,1992,2073,1989,1927,1832,1748,1808,2075,1953,1980,1932,1976,2034,1848,1800,1796,1722,1786,1608,1492,1418,1351,1392,1316,1306,1274,925,972,948,902,905,731,705,641,558,539,485,479,406,373,317,276,269,211,194,209,146,142,126,96,90,64,42,35,27,18,8,7,4,4,2,2,3,0,0,162994,2758,2807,2907,3044,2870,2859,2940,2913,2943,2989,3066,3144,3034,2968,2733,2926,2817,2901,2963,2850,2588,2400,2343,2332,2349,2385,2343,2449,2313,2362,2245,2229,2066,2098,2002,2108,1977,2016,2151,1979,2025,1889,1830,1892,1926,2058,2099,2201,2189,2150,2217,2003,2040,2038,1988,1874,1755,1676,1664,1524,1518,1508,1436,1494,1028,1106,1044,956,876,849,789,727,694,668,617,586,536,527,429,401,373,307,328,297,292,241,193,184,167,144,105,89,79,49,39,34,31,14,12,8,12,2,0,482760,236762,4922,5018,4971,5075,4935,4896,4929,4848,4976,4843,5100,4808,4760,4473,4597,4568,4612,4566,4626,4333,3831,3752,3500,3486,3342,3382,3355,3594,3307,3351,3407,3039,3028,2990,2937,2873,2651,2796,2865,2946,2780,2695,2599,2514,2598,2887,2765,2887,2737,2844,2866,2655,2590,2598,2457,2519,2278,2140,1994,1957,1920,1846,1835,1831,1367,1375,1381,1343,1303,1109,1048,923,817,809,734,710,614,554,459,432,409,330,303,339,231,225,198,160,139,110,78,55,44,28,17,12,8,6,4,3,5,0,0,245998,4863,4811,4905,4965,4704,4669,4736,4637,4687,4687,4749,4888,4601,4515,4199,4478,4294,4426,4492,4223,3899,3644,3580,3554,3481,3597,3522,3690,3516,3524,3357,3235,3107,3041,2919,3074,2885,2993,3126,2921,2901,2757,2633,2673,2740,2913,3040,3137,3081,3085,3122,2899,2910,2914,2759,2680,2488,2378,2383,2189,2164,2140,2056,2127,1553,1619,1531,1484,1369,1283,1225,1123,1056,1000,898,928,817,802,652,626,599,498,508,440,448,365,317,291,248,231,155,142,116,82,55,61,43,19,18,16,15,2,0
"G410","2010","4","9","Oregon","41",,,,,,,,,,,,,,,,,,,,,,,,,,"Oregon",53203,26883,377,410,367,429,408,370,435,404,409,421,456,405,447,459,461,479,470,457,491,511,530,461,423,456,455,378,416,413,384,429,375,391,375,404,396,398,411,390,396,410,406,397,348,337,379,390,374,392,333,377,391,312,327,352,311,343,312,296,300,272,245,269,243,243,171,175,168,158,138,144,112,96,88,98,79,75,64,65,53,40,40,33,25,31,20,30,14,16,9,3,10,5,6,1,2,0,1,1,1,0,3,0,2,26320,323,347,357,410,375,422,393,430,390,395,449,424,448,438,408,404,421,450,488,454,478,406,438,395,383,408,363,407,407,389,385,359,377,361,347,336,322,350,365,388,367,357,304,372,379,387,383,395,392,439,415,384,382,340,393,337,352,329,318,274,272,260,248,261,157,157,163,155,140,141,113,107,109,81,80,63,68,70,58,52,53,42,37,42,31,25,23,21,30,11,13,12,10,11,5,3,2,3,2,0,0,0,0,109223,54141,920,943,897,940,932,887,934,880,909,967,977,912,979,1000,977,1000,1033,971,1001,1028,973,913,793,826,816,768,788,768,776,811,785,728,744,736,732,722,758,702,750,778,763,755,653,668,660,707,670,680,662,743,724,667,637,667,610,656,617,584,580,553,498,548,507,502,334,358,350,326,269,281,250,214,190,190,164,141,135,114,100,101,85,79,58,70,47,48,43,33,19,14,19,17,6,3,6,0,3,1,3,0,3,0,2,55082,898,852,876,923,885,967,889,914,911,912,1000,929,921,978,917,916,938,973,997,920,952,860,861,790,807,781,791,793,813,821,831,757,789,705,691,681,664,683,729,767,751,712,634,708,721,720,722,756,752,813,823,765,743,717,736,660,720,645,668,573,569,526,533,548,342,365,367,324,290,277,239,229,225,181,143,161,146,138,126,116,98,101,80,76,59,61,54,52,55,28,27,33,21,27,13,3,6,6,7,3,3,3,0
"G420","2010","1","2","Pennsylvania","42",,,,,,,,,,,,,,,,,,,,,,,,,,"Pennsylvania",26843,13503,199,191,195,218,208,203,188,205,212,196,221,192,209,199,235,219,215,259,249,276,246,266,227,210,211,220,226,194,195,192,203,172,180,193,172,167,185,180,199,218,190,204,197,205,167,208,171,207,206,230,200,186,186,190,167,176,154,157,162,157,135,122,121,108,70,78,81,74,54,47,60,43,41,37,38,40,34,39,26,28,21,18,22,15,14,8,15,11,8,5,3,5,4,4,3,4,0,1,0,0,1,0,0,13340,188,171,199,204,189,183,188,203,197,180,200,189,194,189,193,188,229,227,277,246,229,213,221,192,182,175,186,201,170,203,182,188,168,167,187,167,187,168,186,187,163,181,197,181,209,220,196,198,201,213,217,195,207,208,207,173,179,159,146,145,127,120,128,113,98,91,103,88,69,74,72,58,47,49,42,40,39,38,31,46,40,23,30,24,27,32,25,14,16,8,11,5,9,5,1,2,3,0,0,1,3,0,0,81092,39126,666,692,643,687,670,648,605,629,684,689,699,646,629,650,773,710,761,745,779,788,722,711,670,577,542,563,547,556,529,520,534,451,474,485,473,429,479,487,488,544,554,537,532,510,507,552,542,547,582,582,506,514,535,529,484,489,495,451,434,402,375,340,334,361,201,229,223,218,181,168,152,141,146,99,120,98,100,103,65,88,65,65,70,53,36,40,36,29,37,26,15,9,11,8,6,9,0,3,5,1,2,0,0,41966,668,641,658,669,675,608,635,647,598,625,689,660,643,686,688,697,752,758,819,799,728,723,648,615,577,565,607,587,556,584,601,578,505,526,557,482,534,502,517,553,571,564,534,532,625,644,617,597,607,630,575,618,617,593,579,519,528,446,433,459,369,422,380,359,279,291,265,286,229,222,191,170,168,160,126,139,120,124,101,113,130,112,98,84,91,80,75,68,54,47,37,22,33,26,8,8,11,8,3,4,4,1,0
"G440","2010","1","1","Rhode Island","44",,,,,,,,,,,,,,,,,,,,,,,,,,"Rhode Island",6058,2981,38,48,52,40,50,56,53,60,51,50,56,44,70,47,53,45,59,56,69,73,64,43,41,51,50,43,40,51,32,65,52,47,37,34,39,36,32,35,40,46,53,56,41,41,38,34,27,45,47,36,43,28,37,37,46,35,20,20,32,23,23,12,24,17,22,19,18,11,14,14,12,11,18,6,7,8,15,6,1,5,3,4,3,4,2,5,1,3,1,2,0,0,1,0,1,1,0,0,0,0,0,0,0,3077,41,57,60,54,53,39,54,52,48,42,46,63,59,44,39,43,54,62,64,57,60,46,39,49,38,45,53,40,40,48,40,38,39,32,50,43,42,30,39,50,45,39,35,38,42,47,52,53,35,51,49,35,39,41,47,36,30,36,22,23,26,17,26,23,20,20,27,16,21,21,14,13,7,9,14,6,14,8,5,11,8,11,5,6,6,6,7,2,5,4,4,3,3,0,1,0,1,0,0,0,0,0,0,14394,6990,118,129,147,134,137,140,129,139,134,133,138,124,154,133,132,129,140,151,181,169,138,133,106,117,106,104,99,108,68,114,98,99,96,74,80,75,72,68,90,95,107,111,91,77,86,103,63,97,95,71,99,75,78,83,78,77,63,55,59,64,53,38,49,36,47,41,31,24,25,31,25,21,26,15,17,16,20,10,7,11,9,12,10,12,6,7,5,5,3,5,1,1,1,0,2,1,3,0,0,0,0,1,0,7404,126,129,133,152,145,132,139,116,126,117,117,130,151,116,113,135,160,140,164,162,156,138,93,119,109,118,103,91,105,92,100,90,93,87,100,86,88,81,82,88,98,107,88,94,87,113,98,103,92,106,109,100,95,100,91,82,65,77,63,51,56,45,59,58,38,36,45,39,43,36,34,23,18,22,25,16,24,18,14,20,20,26,11,14,19,18,16,8,16,12,9,8,7,5,2,1,2,0,0,0,0,0,0
"G450","2010","3","5","South Carolina","45",,,,,,,,,,,,,,,,,,,,,,,,,,"South Carolina",19524,9944,126,136,150,161,125,129,134,129,144,140,134,136,142,147,139,147,155,143,166,190,166,178,186,174,161,135,170,153,147,173,157,163,141,123,134,131,144,146,119,138,153,154,135,137,145,156,169,149,165,157,140,163,137,150,113,135,132,119,115,109,112,107,114,90,87,66,76,61,64,45,55,42,37,39,35,30,17,18,18,18,11,6,11,10,5,7,5,3,2,2,3,1,1,1,0,0,0,0,0,0,0,0,0,9580,130,131,127,133,119,150,125,104,132,152,161,131,112,134,138,132,153,153,157,141,171,149,127,131,147,148,140,128,159,138,139,139,133,123,134,138,118,140,126,133,165,144,127,165,127,152,139,149,145,153,168,144,173,160,149,142,111,124,107,93,100,92,95,92,80,78,62,69,66,62,43,39,49,38,34,31,28,26,24,19,20,20,17,15,11,15,6,8,6,5,3,0,2,5,2,1,3,0,0,1,0,0,0,42171,20768,304,315,362,388,318,289,303,282,316,326,319,322,332,340,312,344,347,320,380,409,399,374,344,330,294,274,309,323,271,310,306,285,264,274,260,245,276,248,260,296,280,317,294,275,286,295,337,294,337,315,298,331,299,279,266,279,245,234,246,229,213,197,226,182,163,139,135,130,129,105,105,93,76,84,68,59,51,43,33,37,24,19,30,20,17,22,12,8,9,10,9,7,2,2,1,1,0,0,0,0,0,1,0,21403,331,352,327,315,298,335,298,254,328,370,356,340,274,344,323,310,350,330,364,368,370,331,321,291,315,313,301,315,302,304,319,330,288,255,257,300,255,267,278,298,306,275,274,315,308,316,316,308,300,313,355,302,332,323,317,300,263,253,206,199,210,189,216,211,189,148,140,161,137,123,119,89,103,81,93,76,66,65,63,50,53,56,45,42,30,43,23,21,20,13,14,13,15,10,3,2,8,2,1,1,1,0,0
"G460","2010","2","4","South Dakota","46",,,,,,,,,,,,,,,,,,,,,,,,,,"South Dakota",71817,35363,863,873,919,884,866,837,866,785,814,755,747,773,712,713,740,693,781,777,751,704,694,654,594,601,606,568,522,529,553,540,455,452,380,461,427,412,389,428,395,398,394,374,368,423,414,422,431,435,388,398,353,361,337,324,313,280,265,238,247,230,197,199,205,218,155,139,122,116,107,93,98,104,92,67,82,63,70,31,35,42,45,31,27,24,18,16,13,7,12,5,7,8,5,1,1,0,1,0,0,0,1,0,0,36454,820,837,900,879,853,889,793,797,740,729,766,684,728,742,716,680,735,795,711,677,614,633,631,579,610,600,608,581,517,503,511,471,472,435,445,422,429,389,432,423,414,403,436,371,425,393,422,382,376,454,405,378,355,325,342,314,337,301,306,246,252,253,243,212,187,161,185,160,146,114,125,127,110,102,91,85,93,74,73,62,57,45,47,33,44,41,22,28,26,27,14,12,13,5,5,7,5,3,0,3,1,0,0,82073,40368,1048,1066,1111,1050,1025,1000,1016,942,948,886,892,895,815,821,837,822,900,890,835,798,769,740,660,683,673,638,586,617,612,608,523,505,431,509,467,461,439,459,443,446,439,404,412,464,445,467,476,485,428,444,410,405,384,362,350,312,303,261,271,251,216,220,228,242,168,157,140,130,118,102,103,113,108,75,90,68,74,34,38,50,55,32,28,29,25,18,14,8,15,5,8,8,6,1,1,0,1,0,0,0,1,0,0,41705,1021,1022,1086,1028,1026,1046,936,924,867,866,904,799,841,848,828,806,835,906,826,791,708,727,705,648,684,684,673,647,583,566,586,542,536,495,490,476,493,430,487,466,452,452,485,403,467,443,473,436,414,498,458,423,400,367,370,352,367,335,329,275,287,283,264,234,208,169,209,177,160,128,144,146,121,114,101,95,102,90,76,65,66,55,53,38,50,45,29,32,27,33,15,13,14,5,6,7,5,3,1,3,1,0,0
"G470","2010","3","6","Tennessee","47",,,,,,,,,,,,,,,,,,,,,,,,,,"Tennessee",19994,10297,129,97,136,137,112,136,123,130,132,121,130,122,119,157,129,157,137,174,132,182,168,177,151,139,161,149,147,138,155,156,142,141,123,146,133,161,136,145,155,163,166,139,153,182,161,165,176,164,168,182,166,179,156,170,168,171,143,127,124,118,117,142,134,116,106,102,73,80,83,60,55,36,44,27,38,34,20,22,27,13,15,21,19,9,7,10,6,7,4,2,2,1,2,2,0,1,1,1,0,0,0,1,1,9697,112,111,127,108,110,123,119,117,134,131,137,117,108,148,123,150,140,146,166,154,142,120,132,126,141,135,131,153,136,121,127,143,137,122,139,144,116,125,116,113,150,136,112,174,151,165,160,162,181,171,192,178,193,174,157,152,141,125,148,119,126,100,121,99,86,68,92,58,66,55,51,38,33,31,36,33,27,21,29,26,22,20,21,10,14,13,5,13,9,3,3,3,5,7,1,2,2,2,0,1,4,0,0,54874,27243,374,348,412,393,378,390,372,372,385,386,394,386,404,416,378,435,440,442,406,467,397,398,357,355,372,330,353,349,367,387,358,352,316,345,343,337,349,334,381,407,433,370,370,398,369,418,438,423,411,452,407,451,411,391,422,454,366,353,336,354,315,353,348,300,256,264,198,225,202,170,156,117,152,110,95,109,81,82,82,50,60,62,51,43,32,28,24,17,20,8,6,9,9,5,2,3,1,2,0,0,2,1,1,27631,362,356,390,337,360,405,367,330,357,400,386,387,368,395,390,398,396,429,428,415,381,337,362,337,332,337,340,403,359,362,311,355,317,330,368,384,344,365,354,358,399,360,357,413,381,433,418,428,492,445,500,433,487,465,433,413,403,346,378,331,337,310,330,301,232,247,242,203,203,181,195,146,133,115,127,144,134,102,124,95,98,80,83,71,65,71,45,42,44,24,17,19,19,13,10,5,3,3,1,2,8,0,0
"G480","2010","3","7","Texas","48",,,,,,,,,,,,,,,,,,,,,,,,,,"Texas",170972,86734,1341,1293,1354,1378,1465,1527,1470,1438,1444,1513,1460,1424,1498,1490,1476,1544,1519,1602,1551,1598,1490,1440,1319,1351,1298,1334,1372,1342,1293,1307,1358,1267,1227,1228,1286,1330,1197,1234,1240,1272,1320,1182,1244,1127,1218,1321,1278,1277,1206,1227,1233,1088,1158,1105,1154,1029,921,870,819,801,781,789,633,705,531,498,524,455,392,366,318,260,273,249,215,200,170,148,153,147,135,109,88,92,65,57,55,41,36,18,18,10,15,8,7,4,6,4,3,0,4,1,3,84238,1341,1284,1319,1295,1367,1447,1385,1400,1338,1477,1445,1411,1494,1476,1404,1489,1455,1416,1494,1441,1321,1239,1227,1267,1151,1232,1260,1234,1302,1279,1216,1208,1209,1198,1201,1256,1206,1283,1245,1303,1287,1182,1164,1131,1183,1259,1228,1298,1265,1271,1194,1138,1146,1075,1009,938,891,870,823,806,751,749,674,687,529,492,500,442,381,340,308,308,281,267,261,250,182,203,177,173,166,125,125,111,100,73,90,67,64,36,34,33,25,17,13,8,4,4,4,5,5,1,0,315264,157560,2561,2534,2627,2618,2663,2714,2689,2639,2644,2792,2702,2689,2741,2835,2710,2810,2791,2820,2752,2750,2640,2505,2300,2333,2318,2319,2370,2371,2368,2315,2379,2266,2185,2171,2219,2267,2094,2211,2201,2320,2302,2152,2120,1987,2138,2288,2274,2296,2184,2238,2220,1966,2161,2041,2021,1828,1751,1610,1558,1494,1438,1412,1333,1318,1017,959,974,890,782,683,598,542,554,487,443,374,342,319,278,299,264,236,196,198,145,129,110,82,66,51,45,27,30,19,15,9,8,6,5,5,6,1,3,157704,2475,2429,2480,2463,2495,2615,2566,2577,2527,2686,2673,2604,2670,2740,2612,2710,2660,2642,2740,2529,2407,2246,2234,2338,2174,2263,2269,2283,2406,2377,2322,2267,2205,2151,2186,2290,2151,2330,2265,2424,2327,2165,2151,2088,2186,2307,2283,2407,2378,2272,2218,2097,2122,2098,1955,1896,1728,1728,1601,1553,1488,1415,1315,1402,1039,1023,980,904,782,717,657,635,561,560,520,499,399,415,398,366,358,294,306,270,240,202,193,132,134,93,83,65,58,46,32,17,20,7,12,8,14,3,1
"G490","2010","4","8","Utah","49",,,,,,,,,,,,,,,,,,,,,,,,,,"Utah",32927,16322,261,285,323,338,286,299,309,298,295,294,290,303,337,321,297,349,341,364,358,354,353,330,333,322,329,318,290,315,285,263,256,242,259,234,230,230,225,220,241,198,204,202,206,169,184,212,206,229,183,210,175,187,163,159,145,149,125,115,93,89,108,87,91,93,86,58,61,61,52,32,45,46,31,34,40,26,31,18,16,16,14,12,12,14,12,10,8,6,7,1,3,0,2,2,1,0,2,0,2,0,2,0,0,16605,311,304,319,276,291,286,302,287,304,323,322,266,294,292,301,299,321,359,322,365,321,335,311,303,302,298,270,282,255,289,262,228,260,240,211,223,231,205,222,231,206,207,221,198,222,233,231,194,243,214,208,210,179,202,170,156,154,143,138,114,115,92,83,90,74,84,66,72,50,63,48,44,41,42,29,30,39,30,24,23,30,30,26,14,8,21,11,13,13,9,4,6,4,0,1,3,1,2,2,1,0,1,0,50064,24888,516,542,588,603,516,553,541,539,520,530,504,508,525,557,484,563,518,568,557,506,510,465,479,471,486,461,386,453,419,369,385,359,345,331,314,320,319,304,314,293,281,275,270,232,244,281,272,294,261,284,236,253,222,241,214,217,180,172,154,141,160,136,122,135,116,94,81,84,74,60,65,62,49,48,50,36,40,25,21,26,19,16,17,20,14,17,16,8,10,2,4,1,3,3,1,0,2,0,3,1,2,0,0,25176,555,541,594,519,517,499,520,503,500,529,537,465,502,512,492,494,541,551,493,533,487,480,471,415,417,425,397,415,370,391,381,352,366,360,315,314,325,288,296,324,289,282,307,258,308,319,323,278,313,290,281,285,240,270,247,229,220,195,196,154,150,130,133,143,99,125,102,108,71,83,66,68,57,48,45,41,49,41,34,34,35,49,34,24,13,28,16,15,15,13,8,10,5,0,2,4,1,2,2,2,0,1,0
"G500","2010","1","1","Vermont","50",,,,,,,,,,,,,,,,,,,,,,,,,,"Vermont",2207,1131,9,9,9,16,6,17,6,15,8,11,12,18,8,21,12,15,20,16,26,24,30,13,6,26,19,8,11,11,11,19,12,22,15,11,11,14,14,18,18,15,13,16,12,21,30,25,21,20,22,25,24,22,13,18,21,13,18,17,16,20,13,15,14,18,14,12,9,4,6,7,6,5,4,2,5,3,2,1,4,3,3,3,0,0,3,2,1,1,1,0,1,0,0,0,0,0,0,0,0,0,0,0,0,1076,13,7,8,10,16,10,12,9,17,16,14,8,17,17,13,18,18,18,18,12,12,16,7,5,15,15,15,18,11,11,16,15,11,16,5,13,11,14,18,9,12,20,16,16,24,25,23,18,22,17,22,23,22,27,15,21,21,14,21,20,19,8,11,18,11,12,5,9,8,6,3,4,2,6,2,0,4,6,4,2,2,0,1,1,1,1,2,2,0,1,1,0,0,0,0,0,0,0,0,1,0,0,0,7379,3626,45,42,47,51,37,55,37,45,36,52,58,58,65,60,56,40,68,48,66,75,82,38,44,64,45,40,35,40,38,55,48,49,41,35,40,50,33,46,41,39,46,40,39,58,69,49,55,57,68,61,66,66,70,69,72,56,61,49,53,47,45,53,44,38,28,39,36,26,17,21,18,18,16,11,12,17,8,5,9,5,10,10,3,3,11,7,4,6,5,2,1,1,2,0,0,0,0,0,0,0,0,0,0,3753,57,46,48,50,48,45,45,49,71,51,55,46,59,61,49,62,60,61,66,55,48,55,45,37,44,42,55,45,39,46,48,47,46,39,33,50,37,45,49,46,37,56,40,45,59,64,71,68,68,65,52,73,74,81,64,68,62,55,64,55,52,40,40,49,34,42,23,31,16,27,12,17,10,23,10,11,11,15,11,8,16,10,4,12,6,1,6,4,1,2,5,0,0,0,1,1,0,0,0,1,0,0,0
"G510","2010","3","5","Virginia","51",,,,,,,,,,,,,,,,,,,,,,,,,,"Virginia",29225,14876,196,180,201,217,187,199,178,207,221,205,210,179,189,198,231,198,227,221,236,254,255,279,267,251,252,253,257,247,207,256,256,219,213,189,195,206,207,217,217,224,257,222,226,218,218,260,249,230,262,221,217,259,224,203,197,181,220,177,150,148,151,150,167,131,115,106,94,100,88,67,63,49,58,53,54,27,43,23,26,26,20,18,22,16,17,13,6,5,11,3,4,0,1,4,1,2,1,0,1,0,0,0,0,14349,192,188,211,206,225,189,199,210,189,196,192,219,184,200,218,224,229,188,213,206,191,234,224,220,189,230,209,201,193,225,223,194,233,190,170,179,186,227,224,226,230,218,223,207,238,253,246,240,231,239,207,231,235,207,219,198,180,145,175,131,148,150,143,123,113,105,104,95,68,76,65,47,60,43,58,42,37,49,40,24,43,27,26,25,25,18,19,17,9,11,10,7,5,10,3,1,2,1,0,0,1,0,0,80924,39407,614,603,632,634,639,601,603,608,674,683,654,630,581,670,678,655,693,682,697,669,722,697,648,649,622,634,592,616,587,576,586,558,509,526,504,513,505,509,548,549,588,528,534,535,531,612,601,579,592,582,529,611,572,531,489,467,508,427,399,387,385,339,390,320,253,255,229,243,196,168,157,135,137,126,126,89,79,80,81,60,62,57,41,42,35,38,27,23,26,14,14,8,3,7,3,4,1,1,1,0,0,0,0,41517,589,585,646,629,642,571,665,676,615,640,656,646,663,657,700,724,706,653,697,684,642,630,642,675,618,620,562,613,600,620,610,591,592,590,516,565,535,579,593,625,596,576,590,561,607,660,686,650,624,630,606,595,616,572,542,516,500,441,432,382,427,383,360,362,278,268,269,260,189,182,186,142,145,130,161,114,101,135,106,93,112,75,72,74,74,71,52,54,43,29,31,16,18,23,10,9,5,4,3,2,5,0,0
"G530","2010","4","9","Washington","53",,,,,,,,,,,,,,,,,,,,,,,,,,"Washington",103869,52097,841,858,882,894,822,873,785,826,823,879,868,973,870,874,894,874,925,970,1048,962,973,912,875,876,813,838,747,780,778,795,816,736,715,651,688,741,637,665,701,760,772,703,667,661,684,730,718,764,730,689,747,692,669,671,642,680,597,591,503,537,518,493,434,405,327,323,318,295,241,219,237,185,192,141,146,137,122,90,79,78,91,63,44,44,33,24,35,24,14,11,12,7,5,6,3,4,5,2,0,2,2,1,0,51772,777,792,829,792,779,842,747,772,810,790,842,824,850,811,804,798,886,870,906,912,879,860,836,786,821,731,772,782,763,754,760,725,739,710,642,635,658,704,722,742,750,693,679,699,713,773,767,739,744,765,837,711,779,710,714,682,608,672,596,546,568,463,435,446,346,341,376,323,271,239,220,211,204,171,178,178,139,112,104,117,86,81,71,70,51,58,64,44,42,36,17,24,13,9,5,6,8,5,3,3,3,0,0,198998,97642,1872,1888,1991,1971,1782,1827,1739,1703,1774,1826,1789,1940,1816,1831,1818,1823,1862,1907,1957,1789,1760,1613,1534,1509,1460,1482,1368,1381,1459,1439,1447,1377,1266,1234,1263,1226,1149,1198,1215,1309,1319,1260,1173,1135,1173,1264,1241,1304,1248,1228,1285,1216,1182,1149,1121,1143,1092,1004,912,951,888,853,760,756,601,547,519,538,434,405,403,328,351,265,251,257,213,171,143,138,155,116,99,82,61,57,60,48,31,35,22,13,11,6,5,7,5,5,1,3,4,1,0,101356,1855,1759,1836,1820,1721,1824,1599,1671,1749,1689,1809,1789,1838,1827,1712,1746,1823,1777,1839,1796,1641,1617,1568,1509,1600,1479,1549,1530,1527,1504,1470,1380,1415,1348,1315,1242,1234,1313,1312,1363,1384,1261,1282,1267,1295,1339,1367,1396,1338,1434,1440,1297,1362,1285,1324,1226,1165,1159,1073,983,964,857,859,821,637,641,668,590,492,459,397,378,355,309,314,296,264,226,195,202,184,147,148,119,121,117,106,83,85,66,36,39,28,25,10,11,11,7,6,3,6,1,1
"G540","2010","3","5","West Virginia","54",,,,,,,,,,,,,,,,,,,,,,,,,,"West Virginia",3787,2026,9,13,18,6,20,13,25,11,19,30,15,23,18,33,19,23,23,32,37,26,27,20,28,29,22,29,29,25,21,26,28,28,16,26,35,24,31,23,31,34,34,29,34,31,34,41,33,36,37,27,46,60,46,35,41,39,32,28,31,30,33,22,28,34,25,18,11,29,22,14,17,13,11,13,4,4,9,3,5,5,9,7,7,2,0,1,4,3,0,1,3,0,0,0,0,0,0,0,0,0,0,0,0,1761,12,20,21,12,13,16,8,18,12,13,19,26,21,17,18,22,20,25,24,19,17,14,13,26,20,23,19,24,22,26,21,17,15,12,25,17,22,22,24,28,28,27,33,26,24,31,40,28,38,37,33,37,37,32,44,33,22,23,39,28,33,25,30,19,27,15,19,14,18,19,17,9,13,8,10,13,4,6,4,12,6,3,5,6,4,5,0,2,1,6,1,0,1,0,0,0,0,0,1,1,1,0,0,13314,6679,62,71,77,52,82,71,100,72,98,92,78,94,87,94,75,97,78,95,97,113,112,93,82,82,79,81,78,80,79,83,88,75,71,80,74,75,70,89,94,93,89,83,80,88,95,106,101,102,100,101,141,144,128,117,123,102,108,85,102,88,106,84,99,108,69,61,82,71,66,53,52,42,40,35,23,34,26,18,20,30,19,15,21,20,14,9,11,11,3,4,4,1,1,0,0,1,0,0,0,0,0,0,0,6635,85,86,87,85,66,75,65,77,68,76,79,92,94,83,79,91,79,93,70,86,77,74,64,70,69,68,80,84,80,69,69,69,80,67,66,72,85,73,82,87,98,79,93,92,88,89,110,107,112,94,114,123,116,107,136,132,104,97,97,106,93,84,109,87,72,57,72,75,74,52,54,45,46,43,43,50,32,33,29,44,24,30,34,31,19,20,9,10,15,14,13,4,8,4,1,1,2,1,3,1,2,0,0
"G550","2010","2","3","Wisconsin","55",,,,,,,,,,,,,,,,,,,,,,,,,,"Wisconsin",54526,27212,445,457,475,513,514,476,437,488,471,432,494,423,447,460,481,481,512,572,558,492,509,470,467,436,423,434,417,422,389,402,427,405,368,332,347,370,348,368,383,403,399,379,341,421,404,433,347,431,425,370,380,357,361,329,317,295,273,266,233,224,229,211,186,208,137,181,134,122,106,114,110,92,97,77,70,56,53,48,35,33,24,29,25,19,15,16,15,12,7,0,7,2,2,2,1,0,1,2,0,0,1,0,0,27314,458,455,494,458,467,500,482,479,470,436,445,481,451,387,432,395,462,526,522,475,429,443,399,401,440,397,399,387,398,408,393,361,373,354,333,356,335,360,411,386,365,351,381,411,393,388,395,380,433,379,410,346,396,375,379,315,297,303,274,258,254,206,211,216,174,159,190,127,123,136,113,129,91,78,103,88,69,64,64,81,47,38,34,44,32,41,23,20,17,15,19,17,3,4,7,1,2,2,0,1,4,0,0,86228,42575,797,846,868,916,867,891,821,835,801,786,868,775,789,796,823,827,868,901,901,766,780,699,698,640,626,658,624,626,581,610,633,586,551,522,510,539,503,514,552,545,553,534,504,585,572,610,506,614,609,555,561,533,537,473,444,446,397,397,344,346,336,318,293,319,203,250,195,181,165,157,163,136,143,124,92,85,76,72,57,47,38,42,37,36,29,25,24,20,14,6,10,3,7,2,3,1,2,2,0,0,2,0,1,43653,863,848,867,864,826,855,846,852,830,804,765,830,816,707,756,706,788,887,862,776,705,675,647,641,669,639,639,641,651,648,630,568,577,575,532,548,513,547,592,576,554,520,583,620,580,587,578,583,631,555,597,515,573,540,529,450,442,417,387,358,352,315,310,319,243,237,253,183,188,191,164,179,134,123,148,127,95,110,102,111,75,61,57,62,48,62,45,35,32,26,25,23,13,12,11,8,4,2,1,1,6,0,0
"G560","2010","4","8","Wyoming","56",,,,,,,,,,,,,,,,,,,,,,,,,,"Wyoming",13336,6696,146,125,149,124,162,158,129,123,125,114,131,137,132,134,109,102,114,136,106,129,126,126,105,112,118,93,117,112,110,110,112,71,96,83,69,74,98,88,88,106,97,72,99,65,84,84,77,72,83,81,81,72,77,91,63,67,80,66,44,58,45,48,56,40,35,37,34,42,32,15,19,23,20,15,15,12,9,10,11,12,11,9,11,5,2,2,4,2,1,0,0,3,1,1,1,0,0,1,0,0,0,0,0,6640,147,127,146,151,154,110,155,149,110,121,100,105,112,100,114,110,137,145,133,128,96,124,118,90,82,101,88,103,110,103,99,99,93,87,75,76,77,75,62,94,92,67,85,66,102,75,77,87,78,94,84,84,77,75,79,83,60,74,58,68,52,51,57,56,30,32,31,36,33,17,34,28,15,21,28,18,17,15,16,16,13,8,5,6,4,4,6,3,1,5,4,4,1,0,2,0,0,0,0,0,0,0,0,18596,9341,220,184,211,179,204,214,194,196,171,149,190,189,193,171,163,150,167,184,148,177,180,162,137,153,162,119,154,142,152,137,148,103,130,115,94,103,123,120,122,140,129,103,127,96,111,111,107,101,120,104,113,109,112,116,91,90,110,96,74,78,72,63,76,69,52,55,50,66,50,26,34,27,29,32,23,22,17,14,14,21,11,12,15,8,5,3,7,3,5,0,1,4,1,1,4,0,0,1,0,0,0,0,0,9255,217,195,214,215,212,163,205,205,152,179,146,163,172,155,170,149,180,182,187,167,138,156,152,134,117,142,125,133,131,147,137,138,137,113,97,107,108,104,83,133,118,98,117,86,136,101,109,115,106,144,108,114,108,104,116,105,78,101,87,88,80,77,83,77,46,43,43,51,48,27,40,38,21,35,30,24,27,25,19,19,21,8,10,10,4,7,6,6,3,7,8,6,4,0,2,0,0,0,0,0,0,1,0
"G720","2010","9","0","Puerto Rico","72",,,,,,,,,,,,,,,,,,,,,,,,,,"Puerto Rico",19839,9776,99,129,109,114,116,118,144,144,131,171,145,145,148,144,174,153,162,166,164,159,180,136,140,166,169,143,154,144,128,156,161,118,126,138,143,135,121,124,134,132,132,137,139,133,136,133,154,135,107,123,140,124,131,140,136,111,110,124,113,113,112,99,126,73,88,106,74,82,62,54,41,57,66,56,52,43,31,46,34,28,20,17,24,13,13,16,15,16,12,13,4,6,4,2,3,3,0,2,2,1,5,0,1,10063,125,113,105,105,122,118,147,141,142,150,166,164,156,170,153,171,160,153,180,174,158,177,157,150,123,134,155,138,145,158,152,148,165,132,130,126,143,149,139,140,154,133,123,128,138,124,166,145,144,145,130,116,103,142,109,122,115,110,121,96,84,96,124,79,97,78,82,80,72,78,59,72,60,55,57,49,36,52,31,39,41,38,24,28,28,18,23,20,9,12,10,5,5,7,4,2,4,2,1,1,2,1,0,35753,17450,190,208,185,210,217,204,248,229,240,273,290,248,246,256,290,281,276,262,271,270,299,245,247,258,267,240,255,258,247,276,276,251,246,253,270,251,225,252,256,248,229,250,257,255,241,233,263,252,230,220,218,224,236,236,245,199,206,231,209,208,207,193,209,170,175,181,146,155,120,117,92,100,99,94,79,72,60,66,62,50,37,30,41,23,32,27,28,26,19,22,9,11,7,4,7,5,3,5,2,3,5,0,1,18303,209,204,189,197,227,201,243,252,250,258,275,263,282,262,262,279,262,258,282,290,264,314,262,280,228,256,267,278,297,282,307,269,309,294,244,250,253,255,287,257,276,250,220,242,252,225,277,269,245,252,240,219,222,269,214,239,213,214,228,201,190,193,218,180,179,163,151,138,137,145,117,117,111,96,99,81,74,77,68,62,68,64,50,51,45,40,42,41,25,23,17,16,14,8,10,5,8,7,2,1,4,1,0
